Action	Animate	Bigram_freq	Geraeusch	Geraeusch_SD	Handlung	Handlung_SD	Lemma_freq	Letters	Living	Natural	Neighbors	Sound	Trigram_freq	Vertrautheit	Vertrautheit_SD	Visuell	Visuell_SD	Words	n_Syllables
0.0	0.0	48139.7	1.0	na	1.47	na	1.39	4.0	1.0	1.0	3.0	0.0	27767.83	5.83	0.48	4.27	na	Efeu	2.0	
0.0	1.0	207330.28	4.67	na	1.67	na	10.28	7.0	1.0	1.0	2.14	1.0	108084.34	5.96	0.2	5.6	na	Elefant	3.0	
0.0	0.0	248483.77	1.39	0.72	1.65	0.93	0.62	5.0	1.0	1.0	4.71	0.0	220266.29	5.38	1.07	4.57	1.4	Ahorn	2.0	
1.0	0.0	167294.41	1.44	0.62	5.33	1.08	4.62	5.0	0.0	0.0	16.7	0.0	58319.57	5.67	0.77	4.61	1.33	Angel	2.0	
0.0	0.0	77658.95	5.0	1.05	2.53	1.47	0.52	7.0	0.0	0.0	0.86	1.0	38758.08	5.1	1.14	3.58	1.61	Auspuff	2.0	
0.0	0.0	323723.37	1.0	na	1.47	na	5.67	8.0	0.0	0.0	0.86	0.0	145496.84	4.81	1.44	3.87	na	Satellit	3.0	
0.0	1.0	231508.7	4.7	1.61	1.3	0.47	2.48	6.0	1.0	1.0	7.71	1.0	166799.18	5.29	0.96	2.43	1.54	Grille	2.0	
0.0	1.0	234599.06	4.17	1.59	1.57	0.9	6.65	6.0	1.0	1.0	7.28	1.0	130504.36	5.57	1.08	4.33	1.46	Frosch	1.0	
0.0	1.0	400003.28	3.78	1.4	1.78	0.88	1.0	5.0	1.0	1.0	3.85	1.0	341377.47	5.61	0.92	5.11	1.02	Küken	2.0	
1.0	0.0	258821.5	5.72	0.67	5.56	0.62	2.6	7.0	0.0	0.0	1.28	1.0	156449.19	5.83	0.71	4.28	1.32	Gitarre	3.0	
0.0	0.0	288657.27	5.38	0.96	3.25	1.84	1.37	7.0	0.0	0.0	1.71	1.0	175095.07	5.06	1.44	3.38	1.54	Turbine	3.0	
0.0	1.0	572007.24	1.28	0.57	1.17	0.38	0.94	10.0	1.0	1.0	1.28	0.0	298140.5	5.22	1.17	5.11	0.96	Salamander	4.0	
0.0	1.0	241927.99	3.94	1.26	1.78	0.88	1.64	6.0	1.0	1.0	3.42	1.0	37999.57	5.5	0.92	4.5	1.2	Ferkel	2.0	
0.0	0.0	259577.98	1.0	na	1.8	na	20.39	7.0	0.0	0.0	3.0	0.0	44555.71	5.75	0.74	4.6	na	Denkmal	2.0	
1.0	0.0	203045.83	1.7	0.93	4.52	1.41	3.59	5.0	0.0	0.0	6.85	0.0	100260.98	5.1	1.18	4.71	1.45	Dolch	1.0	
1.0	0.0	388354.45	5.89	0.32	5.5	0.51	12.32	7.0	0.0	0.0	4.71	1.0	216934.57	5.83	0.71	4.17	1.5	Klavier	2.0	
1.0	0.0	34492.72	1.25	0.77	4.63	1.63	11.42	5.0	0.0	0.0	7.28	0.0	25294.62	5.88	0.5	4.13	1.59	Knopf	1.0	
1.0	0.0	224827.71	5.67	0.77	5.22	1.11	4.43	5.0	0.0	0.0	7.28	1.0	166939.28	5.78	0.73	3.94	1.47	Flöte	2.0	
1.0	0.0	380032.24	4.14	1.31	5.58	0.69	2.41	6.0	0.0	0.0	9.42	1.0	228097.12	6.0	0.0	4.26	1.52	Dusche	2.0	
1.0	0.0	234226.88	5.56	0.92	5.17	1.15	0.67	8.0	0.0	0.0	1.28	1.0	210626.68	5.33	0.97	4.0	1.5	Xylophon	3.0	
0.0	1.0	430487.24	1.2	na	1.47	na	2.58	8.0	1.0	1.0	0.86	0.0	166911.75	5.79	0.51	4.73	na	Eidechse	3.0	
0.0	1.0	167234.8	4.56	1.15	1.89	0.96	10.37	4.0	1.0	1.0	5.14	1.0	155355.74	5.72	0.83	4.56	1.54	Affe	2.0	
1.0	0.0	124443.12	5.71	0.59	5.11	1.37	0.92	6.0	0.0	0.0	2.57	1.0	101163.06	4.94	1.39	3.72	1.49	Fagott	2.0	
1.0	0.0	322487.19	5.53	na	4.0	na	7.01	5.0	0.0	0.0	14.13	1.0	173255.94	5.96	0.2	4.2	na	Geige	2.0	
1.0	0.0	248096.22	1.47	na	5.13	na	0.02	7.0	0.0	0.0	0.43	0.0	151427.96	5.67	0.92	4.07	na	Frisbee	2.0	
1.0	0.0	97301.68	5.75	0.77	5.31	1.14	10.33	7.0	0.0	0.0	4.28	1.0	38622.73	5.75	0.58	3.81	1.68	Trommel	2.0	
1.0	0.0	262055.61	5.89	0.32	5.28	1.02	5.13	8.0	0.0	0.0	3.0	1.0	169258.53	5.67	0.97	4.44	1.72	Trompete	3.0	
0.0	0.0	425135.08	1.48	0.67	1.48	0.67	10.82	6.0	1.0	1.0	10.7	0.0	240753.15	5.38	0.92	4.43	1.29	Fichte	2.0	
0.0	1.0	50567.82	1.56	0.63	1.19	0.4	0.14	5.0	1.0	1.0	2.57	0.0	32167.55	5.0	1.37	4.19	1.47	Gecko	2.0	
1.0	0.0	193492.36	5.28	0.89	5.33	1.03	17.49	6.0	0.0	0.0	5.14	1.0	146107.31	5.33	1.19	4.44	1.1	Gewehr	2.0	
0.0	1.0	294312.84	4.53	na	1.93	na	5.98	5.0	1.0	1.0	9.85	1.0	154217.2	5.96	0.2	4.53	na	Ziege	2.0	
0.0	1.0	282929.56	1.38	0.62	1.13	0.34	1.49	8.0	1.0	1.0	2.14	0.0	241811.71	5.25	1.39	4.75	1.29	Skorpion	3.0	
0.0	0.0	385997.73	4.81	1.72	3.19	1.56	0.93	9.0	0.0	0.0	1.71	1.0	227500.66	5.38	0.96	3.5	1.97	Propeller	3.0	
0.0	1.0	60913.68	1.13	0.46	1.3	0.56	2.31	4.0	1.0	1.0	11.56	0.0	52530.98	5.43	1.21	3.05	1.77	Floh	1.0	
1.0	0.0	502930.66	1.73	na	5.07	na	3.96	6.0	0.0	0.0	9.42	0.0	378445.79	5.71	0.69	3.57	na	Spaten	2.0	
0.0	0.0	245423.49	1.4	na	1.73	na	3.51	5.0	1.0	1.0	18.84	0.0	164258.1	5.96	0.2	4.87	na	Tanne	2.0	
0.0	1.0	129437.35	1.88	0.72	1.25	0.58	0.52	8.0	1.0	1.0	1.71	0.0	55648.2	5.38	1.02	4.81	1.42	Känguruh	3.0	
1.0	0.0	222774.39	4.63	1.5	5.56	0.73	2.81	4.0	0.0	0.0	11.13	1.0	165767.83	5.69	0.6	4.44	1.41	Säge	2.0	
0.0	1.0	207951.66	1.0	0.0	1.39	0.85	0.74	5.0	1.0	1.0	4.28	0.0	153603.08	5.0	1.33	3.39	1.97	Milbe	2.0	
0.0	0.0	62849.6	4.26	1.76	1.26	0.69	1.84	7.0	0.0	1.0	1.71	1.0	17267.46	4.86	1.35	4.33	1.59	Tornado	3.0	
0.0	1.0	21961.51	5.07	na	1.53	na	1.0	3.0	1.0	1.0	13.27	1.0	18342.5	5.79	0.51	4.87	na	Uhu	2.0	
0.0	0.0	372137.3	1.78	0.87	1.71	0.81	3.08	5.0	1.0	1.0	12.41	0.0	234035.87	5.36	0.92	4.39	1.47	Eiche	2.0	
1.0	0.0	63797.19	5.44	na	4.5	na	1.01	5.0	0.0	0.0	14.55	1.0	16323.78	4.95	1.53	4.19	na	Cello	2.0	
1.0	0.0	170026.46	1.38	0.81	4.75	1.34	4.08	7.0	0.0	0.0	2.57	0.0	100505.88	5.69	0.6	3.63	1.89	Tablett	2.0	
1.0	0.0	120598.99	4.38	na	5.38	na	0.73	5.0	0.0	0.0	11.13	1.0	27252.05	6.0	0.0	4.25	na	Handy	2.0	
1.0	0.0	209664.62	5.25	na	4.44	na	0.02	10.0	0.0	0.0	0.0	1.0	93015.71	5.05	1.2	4.0	na	Kontrabass	3.0	
1.0	0.0	297327.17	5.63	1.02	5.56	0.89	16.09	7.0	0.0	0.0	3.42	1.0	221799.33	6.0	0.0	3.75	1.34	Telefon	3.0	
1.0	0.0	288680.65	1.0	0.0	5.22	1.06	6.34	8.0	0.0	0.0	1.28	0.0	180859.26	5.83	0.51	4.78	1.73	Krawatte	3.0	
0.0	1.0	228226.58	4.39	1.09	1.33	0.59	2.13	5.0	1.0	1.0	3.42	1.0	169722.04	5.5	0.79	4.5	1.38	Kröte	2.0	
1.0	0.0	376563.23	1.0	0.0	4.94	1.0	0.62	6.0	0.0	0.0	8.99	0.0	225925.55	5.72	0.75	2.89	1.78	Kleber	2.0	
0.0	1.0	199614.58	5.0	na	1.33	na	3.16	5.0	1.0	1.0	4.71	1.0	156825.22	5.79	0.66	4.6	na	Krähe	2.0	
0.0	0.0	218472.1	1.06	0.24	1.39	0.7	1.82	4.0	1.0	1.0	10.7	0.0	161107.16	5.28	1.13	3.72	1.93	Alge	2.0	
0.0	1.0	237203.24	1.88	1.02	1.19	0.54	0.69	7.0	1.0	1.0	2.57	0.0	169477.82	4.94	1.39	3.63	1.82	Gazelle	3.0	
0.0	0.0	152813.71	4.72	1.13	2.83	1.65	0.94	7.0	0.0	0.0	0.86	1.0	81760.8	5.44	0.78	2.33	1.46	Lüftung	2.0	
0.0	1.0	159145.78	4.47	na	2.13	na	15.72	4.0	1.0	1.0	9.42	1.0	140440.22	6.0	0.0	5.4	na	Löwe	2.0	
1.0	0.0	182450.87	5.67	0.84	5.17	1.29	1.77	5.0	0.0	0.0	6.85	1.0	148418.58	5.61	0.78	4.11	1.68	Harfe	2.0	
1.0	0.0	260060.75	1.39	0.72	5.13	0.97	7.71	5.0	0.0	0.0	8.99	0.0	164661.33	5.9	0.3	3.29	1.59	Seife	2.0	
1.0	0.0	259945.89	5.13	1.59	5.19	1.11	1.23	8.0	0.0	0.0	1.28	1.0	227306.33	5.63	1.26	3.75	1.69	Mikrofon	3.0	
1.0	0.0	79939.58	1.5	0.86	4.72	1.49	0.43	6.0	0.0	0.0	3.85	0.0	38714.84	5.83	0.51	3.72	1.64	Waffel	2.0	
1.0	0.0	47777.08	1.36	na	4.47	na	3.16	9.0	0.0	0.0	2.14	0.0	19570.09	5.75	0.74	4.8	na	Mikroskop	3.0	
0.0	1.0	101323.01	4.5	1.46	1.25	0.58	1.52	5.0	1.0	1.0	4.71	1.0	41957.69	5.5	0.89	4.25	1.48	Amsel	2.0	
0.0	1.0	132087.56	3.83	1.29	1.44	0.86	10.33	3.0	1.0	1.0	15.84	1.0	128785.53	5.56	0.98	5.28	0.75	Bär	1.0	
1.0	0.0	131761.91	1.31	0.6	4.63	1.67	14.26	5.0	0.0	0.0	7.28	0.0	102329.97	5.81	0.54	4.0	1.55	Paket	2.0	
1.0	0.0	209121.18	4.5	na	4.69	na	0.22	3.0	0.0	0.0	12.84	1.0	206694.59	5.88	0.45	3.0	na	Fön	1.0	
1.0	0.0	283151.32	1.06	na	5.0	na	3.65	5.0	0.0	0.0	16.27	0.0	162872.83	5.83	0.48	4.19	na	Zange	2.0	
1.0	0.0	485878.63	4.44	na	4.31	na	5.54	8.0	0.0	0.0	5.57	1.0	239442.87	4.9	1.41	3.88	na	Peitsche	2.0	
0.0	1.0	384208.85	4.28	0.96	2.0	1.24	2.87	5.0	1.0	1.0	22.26	1.0	166204.42	5.44	1.1	4.22	1.66	Henne	2.0	
1.0	0.0	334419.85	1.74	0.86	5.57	0.66	30.56	9.0	0.0	0.0	5.14	0.0	174686.1	5.67	0.97	4.52	1.47	Zigarette	4.0	
0.0	1.0	178274.88	1.4	na	1.6	na	5.13	5.0	1.0	1.0	10.27	0.0	143287.2	5.92	0.28	4.6	na	Raupe	2.0	
1.0	0.0	67065.9	1.27	na	5.13	na	6.13	4.0	0.0	0.0	20.55	0.0	50284.09	5.96	0.2	3.8	na	Kamm	1.0	
1.0	0.0	67835.85	1.06	na	5.5	na	11.14	6.0	0.0	0.0	2.14	0.0	31482.62	6.0	0.0	4.31	na	Löffel	2.0	
1.0	0.0	293926.84	5.56	na	4.19	na	2.49	7.0	0.0	0.0	2.57	1.0	156696.83	5.1	1.48	3.94	na	Posaune	3.0	
0.0	0.0	19880.31	1.0	na	1.4	na	1.32	4.0	0.0	0.0	14.13	0.0	16463.12	5.88	0.61	4.2	na	Logo	2.0	
0.0	1.0	282618.13	5.07	na	1.73	na	2.93	10.0	1.0	1.0	3.42	1.0	74393.76	4.62	1.4	4.2	na	Nachtigall	3.0	
0.0	0.0	190942.47	1.0	na	1.8	na	5.87	5.0	1.0	1.0	10.27	0.0	145987.0	5.96	0.2	4.93	na	Palme	2.0	
0.0	1.0	183473.49	4.87	na	1.87	na	3.45	7.0	1.0	1.0	2.14	1.0	32247.83	5.92	0.28	5.33	na	Papagei	3.0	
1.0	0.0	344974.26	1.25	0.58	5.13	1.36	0.78	8.0	0.0	0.0	1.28	0.0	177314.22	5.63	1.02	4.56	1.79	Pinzette	3.0	
1.0	0.0	184959.9	1.0	na	5.0	na	5.36	6.0	0.0	0.0	5.14	0.0	36663.91	5.96	0.2	3.56	na	Pinsel	2.0	
1.0	0.0	350506.5	4.89	1.18	4.83	1.2	2.59	6.0	0.0	0.0	4.28	1.0	179908.11	5.0	1.28	4.06	1.39	Flinte	2.0	
1.0	0.0	176085.32	1.96	1.07	5.17	0.94	2.67	6.0	0.0	0.0	4.28	0.0	154947.39	5.38	0.92	4.43	1.43	Krücke	2.0	
1.0	0.0	298509.24	1.59	1.06	4.53	1.66	2.31	6.0	0.0	0.0	3.0	0.0	124922.4	5.17	1.38	4.29	1.4	Kuvert	2.0	
1.0	0.0	21635.04	5.38	na	4.25	na	0.58	4.0	0.0	0.0	14.98	1.0	15420.79	5.0	1.3	3.69	na	Tuba	2.0	
0.0	1.0	210391.23	1.31	0.79	1.13	0.34	1.32	6.0	1.0	1.0	3.0	0.0	153443.53	5.44	1.21	4.31	1.62	Qualle	2.0	
0.0	0.0	323446.57	5.0	1.18	1.26	0.56	2.5	10.0	0.0	1.0	1.71	1.0	59704.51	5.48	1.03	5.0	1.05	Wasserfall	3.0	
1.0	0.0	332816.65	5.22	0.81	5.28	1.13	7.01	8.0	0.0	0.0	2.14	1.0	217893.21	5.28	1.18	4.0	1.19	Revolver	3.0	
0.0	1.0	57371.37	4.65	1.43	1.35	0.49	2.25	7.0	1.0	1.0	2.14	1.0	24019.86	5.43	1.08	2.9	1.26	Kuckuck	2.0	
0.0	1.0	92038.51	4.6	na	1.53	na	2.38	6.0	1.0	1.0	9.85	1.0	36773.15	5.92	0.28	4.6	na	Hummel	2.0	
0.0	0.0	334360.42	1.48	0.73	1.61	0.66	14.4	5.0	1.0	1.0	17.55	0.0	198109.46	5.57	0.6	3.95	1.43	Buche	2.0	
0.0	0.0	86560.13	1.26	0.54	1.57	0.84	5.52	4.0	1.0	1.0	23.12	0.0	82294.63	5.67	0.73	4.14	1.49	Moos	1.0	
1.0	0.0	359740.26	5.44	0.78	5.56	0.7	1.24	6.0	0.0	0.0	5.14	1.0	220845.53	5.61	0.85	3.83	1.15	Bohrer	2.0	
1.0	0.0	257689.01	5.69	na	4.56	na	0.92	8.0	0.0	0.0	1.71	1.0	238741.46	5.19	1.33	4.38	na	Saxophon	3.0	
0.0	1.0	196472.96	4.07	na	1.4	na	4.31	4.0	1.0	1.0	22.69	1.0	150953.02	5.92	0.28	4.47	na	Rabe	2.0	
0.0	0.0	433579.29	1.0	na	2.13	na	7.75	6.0	0.0	0.0	16.27	0.0	347883.16	5.75	0.68	3.4	na	Balken	2.0	
0.0	1.0	417024.85	4.13	1.41	1.75	0.68	4.72	10.0	1.0	1.0	0.43	1.0	183277.75	5.5	0.89	5.0	1.03	Schimpanse	3.0	
1.0	0.0	410232.09	1.63	0.96	4.88	1.15	4.24	8.0	0.0	0.0	3.0	0.0	180989.58	5.75	0.58	4.13	1.67	Schraube	2.0	
1.0	0.0	245903.1	5.94	0.24	5.44	0.78	2.66	10.0	0.0	0.0	1.28	1.0	76206.52	5.61	0.92	4.39	1.65	Schlagzeug	2.0	
0.0	1.0	288829.8	1.31	0.48	1.25	0.58	0.69	9.0	1.0	1.0	0.86	0.0	213100.87	5.0	1.63	4.75	1.53	Chamäleon	4.0	
1.0	0.0	430851.11	5.56	0.89	5.13	1.15	1.4	10.0	0.0	0.0	1.71	1.0	204808.46	5.56	1.03	4.19	1.38	Klarinette	4.0	
0.0	1.0	603191.51	4.36	na	1.36	na	0.47	11.0	1.0	1.0	0.43	1.0	385767.32	5.75	0.68	4.6	na	Rotkehlchen	3.0	
0.0	0.0	193991.8	1.13	na	1.6	na	14.5	5.0	0.0	0.0	8.13	0.0	164605.62	5.83	0.64	4.4	na	Säule	2.0	
1.0	0.0	219195.7	5.6	na	4.4	na	0.54	8.0	0.0	0.0	0.86	1.0	50092.5	5.79	0.51	4.2	na	Triangel	3.0	
0.0	1.0	198223.21	4.67	na	2.33	na	10.38	5.0	1.0	1.0	13.7	1.0	58366.16	5.96	0.2	4.87	na	Schaf	1.0	
1.0	0.0	228613.66	1.06	0.24	5.11	1.02	5.02	6.0	0.0	0.0	10.27	0.0	78001.12	5.0	1.5	3.5	1.65	Scheck	1.0	
1.0	0.0	237886.49	1.33	0.49	5.44	0.78	4.32	7.0	0.0	0.0	4.28	0.0	167758.9	5.61	0.92	4.67	1.53	Spritze	2.0	
1.0	0.0	221808.41	1.17	0.58	4.7	1.15	3.55	5.0	0.0	0.0	17.12	0.0	63094.77	5.95	0.22	4.33	1.53	Schal	1.0	
0.0	0.0	113581.57	4.0	1.14	2.06	0.8	37.56	5.0	0.0	1.0	4.71	1.0	80248.38	5.89	0.47	4.33	1.5	Fluss	1.0	
1.0	0.0	46451.85	5.31	1.14	5.81	0.4	51.85	4.0	0.0	0.0	13.27	1.0	32937.18	5.81	0.54	4.94	1.18	Auto	2.0	
1.0	0.0	265770.83	5.5	0.79	4.61	1.33	8.4	6.0	0.0	0.0	6.42	1.0	162179.83	5.33	1.19	4.22	1.44	Kanone	3.0	
1.0	0.0	254957.0	5.31	1.14	4.31	1.74	12.48	6.0	0.0	0.0	3.0	1.0	168757.78	5.44	1.09	4.25	1.29	Rakete	3.0	
1.0	0.0	89819.45	5.27	na	4.33	na	0.46	8.0	0.0	0.0	1.28	1.0	56202.91	5.63	0.92	3.8	na	Keyboard	2.0	
1.0	0.0	71484.35	5.38	0.89	5.44	0.81	0.64	5.0	0.0	0.0	1.28	1.0	55515.62	5.75	0.77	4.81	1.22	Moped	2.0	
0.0	0.0	183347.34	1.65	0.71	2.17	1.34	12.97	5.0	0.0	1.0	8.56	0.0	149830.44	5.67	0.73	4.24	1.48	Höhle	2.0	
0.0	1.0	180066.5	4.27	na	1.4	na	3.32	4.0	1.0	1.0	14.98	1.0	152494.62	5.92	0.28	4.33	na	Eule	2.0	
1.0	0.0	380732.22	5.5	na	4.38	na	0.64	9.0	0.0	0.0	1.71	1.0	240358.22	5.1	1.37	4.44	na	Akkordeon	4.0	
1.0	0.0	146785.06	1.0	na	4.56	na	2.4	4.0	0.0	0.0	15.41	0.0	141298.0	5.92	0.28	3.88	na	Lupe	2.0	
1.0	0.0	231168.07	5.5	1.03	5.25	1.13	0.05	7.0	0.0	0.0	0.0	1.0	146201.83	5.31	1.08	4.06	1.81	Ukulele	4.0	
1.0	0.0	347302.57	5.72	0.67	4.78	1.48	0.43	6.0	0.0	0.0	10.7	1.0	222736.89	5.56	1.04	3.06	1.92	Böller	2.0	
1.0	0.0	519759.56	1.33	0.59	5.0	1.14	4.84	9.0	0.0	0.0	2.14	0.0	196098.33	5.83	0.51	3.5	1.98	Serviette	4.0	
1.0	0.0	296065.73	5.48	0.98	5.16	1.12	0.49	5.0	0.0	0.0	5.57	1.0	209788.37	5.71	0.64	4.0	1.33	Mixer	2.0	
1.0	0.0	122404.49	5.5	1.03	4.94	1.24	1.28	6.0	0.0	0.0	11.99	1.0	43586.97	5.56	0.89	3.13	1.71	Rassel	2.0	
0.0	1.0	100522.68	1.22	0.42	1.48	0.95	0.13	7.0	1.0	1.0	0.86	0.0	75196.74	4.95	1.4	5.05	1.07	Oktopus	3.0	
0.0	1.0	256969.21	4.06	1.24	1.5	0.63	0.82	6.0	1.0	1.0	3.85	1.0	215604.79	5.19	1.17	5.06	1.06	Pavian	3.0	
0.0	0.0	182039.59	1.0	0.0	1.91	0.79	2.61	5.0	1.0	1.0	7.71	0.0	141120.9	5.19	0.93	4.33	1.35	Nelke	2.0	
0.0	1.0	115322.36	1.38	1.02	1.19	0.54	0.19	7.0	1.0	1.0	1.28	0.0	21896.68	5.25	1.29	3.88	1.86	Piranha	3.0	
0.0	1.0	232832.72	1.74	0.92	1.22	0.52	2.43	5.0	1.0	1.0	12.84	0.0	103223.41	5.38	1.2	4.38	1.66	Dachs	1.0	
1.0	0.0	175077.93	5.39	0.92	4.83	1.34	1.95	7.0	0.0	0.0	3.0	1.0	128799.89	5.22	1.0	3.17	1.47	Dynamit	3.0	
1.0	0.0	268006.25	5.19	0.91	5.0	1.32	9.63	7.0	0.0	0.0	4.28	1.0	160533.63	5.31	1.54	4.63	1.31	Pistole	3.0	
1.0	0.0	204325.11	1.13	0.34	5.0	1.21	3.58	5.0	0.0	0.0	15.41	0.0	159377.6	5.75	0.58	3.81	1.64	Pille	2.0	
1.0	0.0	223153.35	4.94	1.0	5.28	0.96	1.19	6.0	0.0	0.0	3.0	1.0	153458.27	5.06	1.3	4.22	1.26	Knarre	2.0	
0.0	0.0	516739.64	1.33	na	1.73	na	1.92	7.0	0.0	0.0	3.42	0.0	372254.3	5.75	0.68	3.13	na	Pfosten	2.0	
0.0	1.0	279393.44	5.0	na	1.53	na	2.24	6.0	1.0	1.0	3.0	1.0	157156.9	5.88	0.34	4.47	na	Specht	1.0	
0.0	0.0	199983.05	3.83	1.11	1.7	0.88	21.63	4.0	0.0	1.0	30.39	1.0	108401.01	5.76	0.54	3.43	1.36	Bach	1.0	
1.0	0.0	323815.1	5.25	1.18	4.88	1.71	7.47	7.0	0.0	0.0	3.85	1.0	179947.34	4.5	2.0	3.69	1.45	Granate	3.0	
1.0	0.0	290928.11	1.48	0.95	4.52	1.16	0.07	6.0	0.0	0.0	2.57	0.0	204613.56	5.62	0.86	4.33	1.65	Flyer 	2.0	
1.0	0.0	106865.68	5.83	0.38	4.33	1.85	1.68	4.0	0.0	0.0	23.97	1.0	60860.15	5.33	0.97	2.56	1.69	Gong	1.0	
0.0	0.0	279946.51	4.19	1.36	1.47	0.77	2.24	6.0	0.0	1.0	2.57	1.0	176947.94	4.71	1.71	4.79	1.47	Lawine	3.0	
1.0	1.0	208608.29	5.11	0.9	5.0	1.57	8.5	8.0	1.0	1.0	3.0	1.0	81521.76	5.67	0.84	4.67	1.33	Säugling	2.0	
1.0	0.0	71463.92	1.17	0.49	4.91	1.12	20.31	4.0	0.0	0.0	7.71	0.0	52677.02	5.86	0.36	4.57	1.54	Hemd	1.0	
1.0	0.0	202588.19	1.71	0.92	4.83	1.58	3.79	5.0	0.0	0.0	12.41	0.0	150058.73	4.83	1.58	4.28	1.49	Lanze	2.0	
1.0	0.0	265028.06	1.6	na	4.87	na	0.4	6.0	0.0	0.0	3.0	0.0	90576.58	5.54	0.93	4.87	na	Tandem	2.0	
1.0	0.0	211928.7	1.53	0.72	4.78	1.31	0.89	7.0	0.0	0.0	1.28	0.0	155148.66	5.44	1.25	4.0	1.66	Karaffe	3.0	
0.0	1.0	126558.73	4.44	1.63	1.13	0.34	0.7	7.0	1.0	1.0	1.28	1.0	51120.9	4.81	1.33	3.44	1.15	Drossel	2.0	
1.0	0.0	31076.39	4.87	na	4.4	na	0.23	4.0	0.0	0.0	8.99	1.0	23130.44	5.63	0.71	4.47	na	Mofa	2.0	
0.0	0.0	316879.75	4.67	1.64	3.06	1.63	1.11	9.0	0.0	0.0	1.28	1.0	31471.54	4.72	1.32	2.89	1.53	Triebwerk	2.0	
0.0	1.0	108280.83	4.33	1.24	1.39	0.78	1.32	7.0	1.0	1.0	3.42	1.0	27188.58	5.56	0.86	5.11	1.28	Gorilla	3.0	
1.0	1.0	31351.93	5.28	0.75	4.89	1.64	9.83	4.0	1.0	1.0	14.13	1.0	20286.26	5.72	0.96	4.61	1.29	Baby	2.0	
1.0	0.0	378080.32	1.96	1.22	4.74	1.25	1.72	10.0	0.0	0.0	0.86	0.0	193395.03	5.1	1.26	4.33	1.39	Marionette	5.0	
1.0	0.0	338444.53	1.13	0.5	4.25	1.57	2.92	7.0	0.0	0.0	2.14	0.0	151455.77	5.38	0.96	4.31	1.62	Perücke	3.0	
1.0	0.0	170737.23	1.09	0.29	5.04	0.98	11.36	6.0	0.0	0.0	2.57	0.0	159699.85	5.57	0.81	4.76	1.79	Skizze	2.0	
0.0	1.0	598266.23	4.2	na	2.33	na	0.81	13.0	1.0	1.0	0.86	1.0	176372.35	5.63	0.65	4.87	na	Wellensittich	4.0	
0.0	1.0	63816.22	3.93	na	1.53	na	2.62	5.0	1.0	1.0	5.99	1.0	36237.59	6.0	0.0	4.53	na	Spatz	1.0	
1.0	0.0	24710.58	1.4	na	4.67	na	0.11	5.0	0.0	0.0	4.71	0.0	21500.11	4.52	1.54	4.13	na	Kajak	2.0	
0.0	0.0	210971.48	4.94	1.24	2.94	1.39	0.47	7.0	0.0	0.0	2.57	1.0	161860.54	4.88	1.45	1.8	1.32	Gebläse	3.0	
0.0	0.0	149348.45	4.29	1.4	2.94	1.71	0.41	5.0	0.0	0.0	3.0	1.0	125917.37	4.11	1.45	3.06	1.43	Rotor	2.0	
0.0	1.0	218095.09	3.81	1.38	1.63	0.62	8.73	5.0	1.0	1.0	11.56	1.0	145714.91	5.75	0.45	4.31	1.54	Taube	2.0	
0.0	0.0	474188.97	1.0	na	1.8	na	11.24	9.0	0.0	0.0	2.57	0.0	147037.8	5.05	1.36	2.4	na	Fundament	3.0	
0.0	1.0	565006.15	1.38	0.5	1.5	1.32	0.56	6.0	1.0	1.0	14.13	0.0	388593.13	5.06	1.12	4.31	1.78	Rochen	2.0	
0.0	0.0	278930.07	1.87	0.92	2.13	1.25	2.19	5.0	0.0	0.0	10.27	0.0	159931.43	4.86	1.28	3.38	1.6	Rinne	2.0	
1.0	0.0	417326.85	1.0	na	4.07	na	0.28	9.0	0.0	1.0	0.86	0.0	187357.07	5.5	0.83	4.53	na	Zwetschge	2.0	
1.0	0.0	571890.6	1.33	0.59	4.89	1.08	9.59	6.0	0.0	0.0	12.84	0.0	395254.39	5.83	0.51	3.83	1.5	Kuchen	2.0	
0.0	1.0	249930.24	4.38	1.02	2.25	1.34	5.4	4.0	1.0	1.0	14.98	1.0	181183.25	5.56	1.09	4.38	1.09	Ente	2.0	
0.0	0.0	152635.03	5.44	1.21	3.07	1.94	1.55	6.0	0.0	0.0	1.28	1.0	111973.73	4.56	1.31	1.6	1.12	Geläut	2.0	
0.0	0.0	279687.47	4.48	1.59	1.57	0.9	2.4	8.0	0.0	1.0	2.57	1.0	104630.02	5.05	1.07	3.67	1.62	Brandung	2.0	
0.0	1.0	432365.2	1.87	1.1	1.39	0.72	0.63	6.0	1.0	1.0	10.7	0.0	263332.01	5.43	0.81	3.71	1.52	Marder	2.0	
0.0	0.0	542744.44	1.0	0.0	1.96	1.36	0.38	9.0	1.0	1.0	2.57	0.0	194490.0	4.67	1.2	4.29	1.68	Margerite	4.0	
0.0	1.0	165130.87	4.13	na	1.2	na	3.08	4.0	1.0	1.0	5.14	1.0	146402.94	5.83	0.56	4.67	na	Möwe	2.0	
1.0	0.0	108727.29	1.33	na	4.0	na	0.2	5.0	0.0	1.0	14.98	0.0	32688.65	5.96	0.2	4.4	na	Mango	2.0	
0.0	0.0	280006.21	1.0	na	2.0	na	0.78	8.0	0.0	0.0	0.86	0.0	174522.98	5.63	0.88	3.67	na	Plakette	3.0	
0.0	0.0	426151.73	1.05	na	2.4	na	6.1	7.0	0.0	0.0	4.28	0.0	211577.22	5.54	0.83	3.75	na	Pfeiler	2.0	
1.0	0.0	122215.51	1.19	0.54	4.25	1.48	23.81	9.0	0.0	1.0	1.71	0.0	42915.28	6.0	0.0	4.13	1.59	Kartoffel	3.0	
0.0	0.0	574902.86	5.53	na	2.07	na	5.38	12.0	0.0	0.0	1.71	1.0	255788.66	5.88	0.45	2.86	na	Lautsprecher	3.0	
0.0	1.0	343016.31	1.87	na	1.53	na	1.55	5.0	1.0	1.0	13.7	0.0	224557.62	5.05	1.32	4.6	na	Biber	2.0	
0.0	0.0	169312.72	1.26	0.54	2.43	1.38	4.98	4.0	0.0	0.0	30.82	0.0	118871.48	5.19	1.08	4.1	1.55	Mast	1.0	
1.0	0.0	139786.43	1.38	0.62	4.25	1.34	7.49	4.0	0.0	0.0	29.11	0.0	49556.0	5.69	1.01	3.81	1.72	Seil	1.0	
1.0	0.0	123118.48	1.26	0.62	4.26	1.42	3.64	5.0	0.0	0.0	3.42	0.0	99857.17	5.48	0.87	4.62	1.36	Atlas	2.0	
1.0	1.0	241229.19	3.93	na	3.93	na	76.31	5.0	1.0	1.0	6.42	1.0	59237.11	6.0	0.0	4.93	na	Pferd	1.0	
1.0	0.0	164429.93	1.78	1.0	4.91	1.04	6.79	6.0	0.0	0.0	4.71	0.0	44993.08	5.86	0.36	4.43	1.4	Gürtel	2.0	
1.0	0.0	198597.89	1.13	na	3.87	na	10.5	7.0	0.0	1.0	2.57	0.0	39841.26	6.0	0.0	4.53	na	Zwiebel	2.0	
0.0	0.0	204082.58	1.0	na	1.67	na	1.1	8.0	0.0	0.0	2.57	0.0	119815.63	5.79	0.59	5.2	na	Portrait	2.0	
0.0	0.0	444581.63	1.19	0.4	1.94	0.77	3.38	6.0	1.0	1.0	11.99	0.0	251413.8	4.81	1.38	3.69	1.49	Auster	2.0	
0.0	1.0	373486.23	1.0	na	1.53	na	9.29	8.0	1.0	1.0	4.71	0.0	181049.81	5.92	0.28	4.93	na	Schnecke	2.0	
0.0	1.0	303140.95	1.73	na	1.8	na	5.84	5.0	1.0	1.0	5.14	0.0	207715.55	6.0	0.0	4.33	na	Käfer	2.0	
0.0	1.0	367995.83	1.88	1.02	1.56	0.51	1.1	6.0	1.0	1.0	9.42	0.0	187702.79	4.69	1.58	3.44	1.46	Schabe	2.0	
0.0	0.0	170180.68	1.0	na	1.33	na	4.71	8.0	0.0	0.0	1.71	0.0	145275.94	5.75	0.74	4.87	na	Skulptur	2.0	
1.0	0.0	293302.58	1.2	na	4.2	na	3.26	6.0	0.0	1.0	4.71	0.0	165739.01	5.96	0.2	4.73	na	Banane	3.0	
1.0	0.0	407858.34	1.0	na	4.13	na	1.29	8.0	0.0	1.0	2.14	0.0	161743.24	5.96	0.2	4.93	na	Himbeere	3.0	
0.0	0.0	436207.16	5.88	na	1.63	na	3.63	6.0	0.0	0.0	5.14	1.0	191500.44	5.48	0.81	1.63	na	Sirene	3.0	
1.0	0.0	184854.71	1.13	0.34	4.25	1.61	16.23	5.0	0.0	0.0	14.98	0.0	152558.98	5.19	1.52	5.13	1.09	Maske	2.0	
0.0	0.0	178401.1	1.07	na	1.67	na	16.48	9.0	0.0	0.0	0.86	0.0	96428.91	5.75	0.61	4.53	na	Abbildung	3.0	
1.0	0.0	344400.82	2.0	na	5.13	na	0.29	8.0	0.0	0.0	0.43	0.0	80070.8	4.57	1.63	4.6	na	Bumerang	3.0	
0.0	0.0	203901.32	1.07	na	1.6	na	32.19	4.0	0.0	0.0	24.83	0.0	112343.48	6.0	0.0	4.2	na	Dach	1.0	
1.0	0.0	330143.66	1.26	0.54	4.74	1.25	3.88	8.0	0.0	0.0	2.14	0.0	213297.6	5.86	0.36	4.48	1.5	Pullover	3.0	
0.0	1.0	440509.28	1.6	0.83	1.27	0.46	1.32	7.0	1.0	1.0	1.71	0.0	180259.46	4.31	1.54	3.29	1.59	Termite	3.0	
1.0	0.0	64853.24	5.47	na	4.47	na	0.93	7.0	0.0	0.0	3.0	1.0	11010.25	4.0	2.02	3.33	na	Cembalo	3.0	
0.0	0.0	136838.87	1.0	na	1.87	na	13.73	6.0	0.0	0.0	3.42	0.0	101441.81	5.88	0.45	4.8	na	Plakat	2.0	
0.0	1.0	185548.39	4.06	1.21	1.11	0.32	0.56	4.0	1.0	1.0	7.71	1.0	94825.14	5.56	0.7	5.22	0.65	Elch	1.0	
0.0	1.0	371645.07	1.74	0.75	1.13	0.34	0.4	5.0	1.0	1.0	7.71	0.0	219330.57	5.24	1.09	3.86	1.74	Otter	2.0	
1.0	0.0	174957.33	1.07	na	4.0	na	1.19	6.0	0.0	1.0	4.71	0.0	103196.34	5.92	0.28	5.0	na	Ananas	3.0	
0.0	0.0	713450.44	1.13	na	2.0	na	3.74	9.0	0.0	0.0	3.0	0.0	447736.53	5.75	0.61	4.2	na	Abzeichen	3.0	
0.0	0.0	227314.51	4.22	1.51	1.57	0.95	1.74	6.0	0.0	1.0	3.85	1.0	41118.98	5.1	1.18	3.1	1.41	Geröll	2.0	
0.0	0.0	280868.54	1.0	na	1.93	na	16.82	7.0	0.0	0.0	3.85	0.0	165400.0	5.83	0.56	5.73	na	Gemälde	3.0	
0.0	1.0	220832.6	2.0	1.03	1.19	0.54	1.12	8.0	1.0	1.0	1.28	0.0	157916.29	4.88	1.59	3.69	1.7	Antilope	4.0	
1.0	0.0	301726.67	1.56	0.81	3.88	1.31	4.03	6.0	0.0	1.0	6.42	0.0	163528.27	5.81	0.54	4.81	1.64	Orange	3.0	
1.0	0.0	270843.47	1.56	0.78	4.56	1.34	3.28	7.0	0.0	0.0	2.14	0.0	163695.98	5.78	0.55	4.0	1.64	Kommode	3.0	
0.0	1.0	276129.73	3.69	1.49	1.56	0.81	0.78	8.0	1.0	1.0	0.43	1.0	165135.08	5.44	1.09	4.69	1.4	Hornisse	3.0	
0.0	0.0	259837.63	3.95	1.4	1.16	0.37	3.27	6.0	0.0	1.0	4.28	1.0	216121.04	5.1	1.37	5.68	0.58	Vulkan	2.0	
0.0	1.0	123753.81	1.06	0.25	1.63	0.81	3.01	4.0	1.0	1.0	30.82	0.0	90088.05	4.81	1.76	3.13	1.54	Laus	1.0	
0.0	0.0	172226.57	1.0	na	2.53	na	0.5	7.0	0.0	0.0	1.71	0.0	79671.15	5.83	0.48	3.67	na	Aushang	2.0	
1.0	0.0	332664.27	5.29	1.06	4.79	1.4	0.02	8.0	0.0	0.0	0.0	1.0	207372.85	4.76	1.41	3.5	1.54	Häcksler	2.0	
1.0	0.0	39048.22	1.07	na	3.87	na	0.26	4.0	0.0	1.0	7.28	0.0	22679.22	6.0	0.0	4.47	na	Kiwi	2.0	
1.0	0.0	160567.35	1.11	0.32	4.67	1.08	1.37	6.0	0.0	0.0	1.71	0.0	148940.82	5.83	0.38	4.72	1.41	Kapuze	3.0	
1.0	0.0	90283.54	5.65	0.7	4.88	1.41	0.43	5.0	0.0	0.0	10.7	1.0	25636.93	4.56	1.58	3.69	1.82	Bongo	2.0	
0.0	0.0	337924.6	4.5	1.58	3.22	1.44	4.96	8.0	0.0	0.0	3.85	1.0	173781.12	4.67	1.19	2.39	1.24	Getriebe	3.0	
1.0	0.0	81329.37	1.26	0.62	4.74	1.29	19.3	5.0	0.0	0.0	2.57	0.0	53091.14	5.81	0.4	5.0	1.05	Anzug	2.0	
1.0	0.0	148437.22	5.94	na	3.81	na	2.19	4.0	0.0	0.0	15.41	1.0	142955.23	5.62	0.67	1.81	na	Hupe	2.0	
1.0	0.0	146578.0	1.43	0.66	4.78	1.28	1.0	9.0	0.0	0.0	0.43	0.0	38903.03	5.95	0.22	5.05	1.12	Spaghetti	3.0	
0.0	1.0	300152.88	1.06	0.24	1.78	0.94	6.31	6.0	1.0	1.0	5.99	0.0	179095.09	5.67	0.69	4.94	1.3	Spinne	2.0	
1.0	0.0	255244.83	4.88	1.41	4.71	1.26	14.26	8.0	0.0	0.0	2.57	1.0	74023.38	4.78	1.48	3.65	1.5	Geschütz	2.0	
0.0	1.0	200765.75	1.89	1.08	1.22	0.55	0.95	7.0	1.0	1.0	2.14	0.0	152846.51	5.61	0.85	5.61	0.7	Giraffe	3.0	
0.0	1.0	173293.13	1.61	0.66	1.35	0.88	0.37	8.0	1.0	1.0	1.71	0.0	27315.87	5.33	1.2	5.52	0.68	Flamingo	3.0	
0.0	1.0	66213.18	1.0	na	1.8	na	9.48	4.0	1.0	1.0	10.7	0.0	45739.49	5.92	0.28	4.27	na	Wurm	1.0	
1.0	0.0	485226.1	1.56	0.78	5.33	0.91	11.4	6.0	0.0	0.0	17.55	0.0	259847.7	6.0	0.0	4.17	1.82	Becher	2.0	
1.0	0.0	233112.99	1.0	na	4.88	na	8.48	4.0	0.0	0.0	20.12	0.0	61184.13	5.96	0.2	3.56	na	Herd	1.0	
1.0	0.0	392083.7	1.61	0.84	4.78	1.28	21.16	10.0	0.0	0.0	5.99	0.0	216709.6	5.71	0.56	4.76	1.45	Hamburger 	3.0	
1.0	0.0	326205.33	1.75	1.13	4.0	1.46	7.15	5.0	0.0	0.0	11.56	0.0	214364.96	5.75	0.77	4.19	1.6	Eimer	2.0	
1.0	0.0	133375.48	1.43	0.79	5.0	1.17	1.64	5.0	0.0	0.0	7.71	0.0	75610.77	5.9	0.3	4.52	1.25	Jeans	1.0	
1.0	0.0	419936.01	4.04	1.02	4.96	1.02	0.66	7.0	0.0	0.0	5.57	1.0	216358.74	5.76	0.62	4.38	1.66	Blinker	2.0	
0.0	1.0	425556.95	1.38	0.62	1.88	0.89	2.57	7.0	1.0	1.0	3.85	0.0	345461.6	4.75	1.81	3.88	1.71	Karpfen	2.0	
0.0	1.0	134744.6	1.52	0.73	1.7	1.06	11.34	5.0	1.0	1.0	6.42	0.0	81666.28	5.62	0.97	4.57	1.72	Krebs	1.0	
1.0	0.0	411236.21	1.3	0.76	5.13	1.1	22.76	10.0	0.0	0.0	1.28	0.0	134172.6	5.81	0.51	4.48	1.5	Zeichnung 	2.0	
0.0	1.0	411345.48	3.94	1.39	1.89	1.13	5.8	5.0	1.0	1.0	9.85	1.0	235880.34	5.5	1.04	5.22	0.81	Stier	1.0	
0.0	0.0	576997.42	5.2	na	2.47	na	3.05	12.0	0.0	0.0	2.57	1.0	261612.89	5.88	0.45	4.73	na	Hubschrauber	3.0	
1.0	0.0	246277.69	1.0	0.0	4.44	1.25	6.14	7.0	0.0	0.0	2.57	0.0	107033.64	6.0	0.0	4.28	1.9	Ausweis	2.0	
1.0	0.0	201836.5	5.33	0.91	4.67	1.08	21.71	5.0	0.0	0.0	8.13	1.0	153029.5	5.33	1.33	3.17	1.58	Bombe	2.0	
1.0	0.0	166925.3	1.5	0.73	4.25	1.53	5.44	6.0	0.0	0.0	7.71	0.0	55385.15	5.94	0.25	3.44	1.36	Beutel	2.0	
1.0	0.0	324340.86	1.26	0.62	4.87	1.1	4.9	5.0	0.0	0.0	25.69	0.0	192576.94	5.52	0.81	4.1	1.45	Weste	2.0	
0.0	1.0	223150.23	1.61	0.78	1.57	1.04	2.04	6.0	1.0	1.0	3.85	0.0	150573.59	5.24	1.14	4.62	1.47	Krabbe	2.0	
1.0	0.0	209552.84	1.17	0.58	4.43	1.34	6.78	5.0	0.0	0.0	6.85	0.0	156817.51	5.86	0.36	4.14	1.62	Bluse	2.0	
0.0	1.0	253909.3	1.31	0.6	1.88	0.72	0.56	7.0	1.0	1.0	0.43	0.0	160078.72	4.13	1.63	3.13	1.86	Makrele	3.0	
0.0	0.0	125453.35	5.25	na	2.63	na	0.28	8.0	0.0	0.0	0.86	1.0	54893.33	5.46	0.98	3.06	na	Metronom	3.0	
1.0	0.0	127555.45	1.13	0.34	4.61	1.27	0.37	6.0	0.0	0.0	0.86	0.0	29661.79	5.81	0.51	4.95	1.36	Bikini	3.0	
1.0	0.0	185529.61	1.26	0.62	4.78	1.35	22.22	4.0	0.0	0.0	26.54	0.0	149527.39	5.95	0.22	4.43	1.5	Hose	2.0	
0.0	1.0	368896.1	3.72	1.49	1.28	0.57	7.85	5.0	1.0	1.0	11.99	1.0	214913.3	5.61	1.14	5.44	0.86	Tiger	2.0	
0.0	1.0	195045.62	4.13	1.77	1.07	0.27	0.47	5.0	1.0	1.0	8.99	1.0	159599.48	4.31	1.62	3.21	1.42	Dohle	2.0	
1.0	1.0	192011.5	4.72	0.89	4.78	1.77	493.52	4.0	1.0	1.0	24.83	1.0	93138.76	5.89	0.32	4.78	1.17	Kind	1.0	
1.0	1.0	451558.35	5.1	na	3.7	na	11.69	5.0	1.0	1.0	13.7	1.0	172133.74	5.96	0.2	4.3	na	Biene	2.0	
0.0	1.0	95840.41	3.81	1.33	2.75	1.44	8.83	4.0	1.0	1.0	13.7	1.0	37716.3	5.56	0.73	4.69	1.25	Esel	2.0	
0.0	1.0	168046.9	1.06	0.24	1.89	1.02	0.54	5.0	1.0	1.0	12.41	0.0	145459.88	5.39	0.98	4.22	1.8	Zecke	2.0	
0.0	1.0	113268.43	1.53	na	1.8	na	2.16	4.0	1.0	1.0	5.57	0.0	29382.28	5.96	0.2	5.33	na	Igel	2.0	
0.0	1.0	146178.09	1.61	0.72	1.39	0.66	0.23	6.0	1.0	1.0	11.56	0.0	31912.39	5.43	1.08	5.43	0.87	Panda 	2.0	
0.0	1.0	218631.76	1.74	0.92	1.3	0.56	12.57	5.0	1.0	1.0	8.99	0.0	88885.64	5.57	1.08	5.14	1.39	Fuchs	1.0	
0.0	1.0	215930.34	1.94	1.06	1.11	0.32	0.96	5.0	1.0	1.0	11.99	0.0	86205.26	5.22	1.22	5.11	1.32	Luchs	1.0	
1.0	0.0	396679.19	1.25	na	5.38	na	28.28	6.0	0.0	0.0	16.27	0.0	225248.53	6.0	0.0	4.0	na	Messer	2.0	
1.0	0.0	171677.05	1.44	0.7	5.28	0.83	10.55	5.0	0.0	0.0	14.98	0.0	142381.23	6.0	0.0	4.44	1.42	Jacke	2.0	
1.0	0.0	150622.02	4.0	1.53	5.28	1.02	1.07	6.0	0.0	0.0	5.14	1.0	37861.78	4.94	1.3	4.11	1.78	Meißel	2.0	
1.0	0.0	206497.24	1.44	0.92	5.17	0.86	34.11	6.0	0.0	0.0	11.56	0.0	54848.89	5.72	0.83	4.17	1.58	Mantel	2.0	
1.0	0.0	295345.23	1.17	0.38	5.17	0.86	2.53	8.0	0.0	0.0	2.14	0.0	174867.02	5.94	0.24	4.17	1.86	Tablette	3.0	
1.0	0.0	372425.32	1.44	0.86	5.11	0.96	38.08	6.0	0.0	0.0	11.99	0.0	218229.47	5.94	0.24	3.89	1.71	Tasche	2.0	
1.0	0.0	66264.3	1.75	1.06	4.94	1.34	50.37	5.0	0.0	0.0	7.71	0.0	49745.4	5.94	0.25	4.5	1.71	Stuhl	1.0	
1.0	0.0	488458.05	1.57	0.9	4.83	0.98	69.21	6.0	0.0	0.0	14.55	0.0	241557.14	5.71	0.56	4.62	1.6	Leiter	2.0	
1.0	0.0	313198.0	1.72	0.75	4.78	1.11	20.23	6.0	0.0	0.0	6.42	0.0	214604.64	5.94	0.24	4.33	1.68	Koffer	2.0	
1.0	0.0	233197.89	1.56	0.78	4.67	1.08	11.64	8.0	0.0	0.0	2.57	0.0	79985.05	5.89	0.32	3.94	1.63	Umschlag	2.0	
1.0	0.0	172907.03	1.26	0.54	4.65	1.23	47.85	5.0	0.0	0.0	8.99	0.0	62133.44	5.81	0.51	4.67	1.39	Kleid	1.0	
1.0	0.0	159120.82	1.78	0.74	4.65	1.27	2.92	6.0	0.0	0.0	6.85	0.0	108321.09	5.86	0.36	4.1	1.64	Toast 	1.0	
1.0	0.0	149794.25	1.75	0.86	4.63	1.15	10.43	5.0	0.0	0.0	10.27	0.0	144305.84	5.81	0.75	4.81	1.33	Puppe	2.0	
1.0	0.0	434381.92	4.22	1.48	4.48	1.27	0.17	8.0	0.0	0.0	1.71	1.0	260058.61	5.24	1.04	3.19	1.21	Rekorder	3.0	
1.0	0.0	256755.07	1.56	0.96	4.38	1.86	15.98	7.0	0.0	0.0	6.42	0.0	52214.53	6.0	0.0	4.06	1.53	Schrank	1.0	
1.0	0.0	75850.81	2.0	na	4.33	na	13.15	5.0	0.0	1.0	4.71	0.0	39992.64	5.96	0.2	4.33	na	Apfel	2.0	
1.0	0.0	73293.53	1.06	0.24	4.33	1.53	6.52	5.0	0.0	0.0	10.27	0.0	32012.73	5.83	0.51	4.17	1.54	Regal	2.0	
1.0	0.0	225971.33	1.26	0.54	4.22	1.57	31.31	5.0	0.0	0.0	12.41	0.0	161811.26	5.71	0.56	5.48	0.87	Krone	2.0	
1.0	0.0	303828.48	1.6	na	4.13	na	5.85	5.0	0.0	0.0	12.41	0.0	164258.77	5.67	0.64	4.4	na	Wiege	2.0	
1.0	0.0	259228.49	1.44	0.73	4.13	1.5	2.62	5.0	0.0	0.0	16.7	0.0	172835.84	5.94	0.25	4.75	1.18	Torte	2.0	
1.0	0.0	179263.71	1.06	na	4.06	na	3.0	6.0	0.0	0.0	5.14	0.0	110843.09	5.88	0.34	2.06	na	Magnet	2.0	
1.0	0.0	197902.82	1.33	na	3.93	na	7.77	4.0	0.0	1.0	29.54	0.0	88007.15	5.96	0.2	4.07	na	Reis	1.0	
1.0	0.0	56136.44	1.0	na	3.87	na	2.81	7.0	0.0	1.0	1.71	0.0	22355.38	6.0	0.0	4.27	na	Paprika	3.0	
1.0	0.0	245648.47	1.07	na	3.87	na	0.04	8.0	0.0	1.0	0.43	0.0	22682.97	5.88	0.34	4.53	na	Peperoni	4.0	
1.0	0.0	183221.4	1.44	0.7	3.83	1.42	4.41	5.0	0.0	1.0	7.28	0.0	150251.76	6.0	0.0	4.56	1.62	Gurke	2.0	
1.0	0.0	439952.95	1.56	0.86	3.83	1.5	1.02	9.0	0.0	1.0	2.14	0.0	202887.48	6.0	0.0	4.67	1.33	Mandarine	4.0	
1.0	0.0	176649.76	1.0	na	3.8	na	1.68	5.0	0.0	1.0	6.85	0.0	136265.14	5.92	0.28	4.73	na	Olive	3.0	
1.0	0.0	502601.17	1.0	na	3.73	na	0.26	9.0	0.0	1.0	1.71	0.0	208444.03	5.79	0.66	4.4	na	Aubergine	4.0	
0.0	0.0	297366.45	4.65	1.27	2.57	1.47	64.88	4.0	0.0	1.0	26.54	1.0	209877.42	5.76	0.62	4.67	0.97	Meer	1.0	
1.0	0.0	111791.07	5.31	0.95	5.44	1.09	4.97	8.0	0.0	0.0	2.57	1.0	58531.67	5.5	1.1	4.81	1.28	Motorrad	3.0	
1.0	1.0	327767.87	4.87	na	3.93	na	0.2	7.0	1.0	1.0	3.42	1.0	173943.3	3.63	2.06	3.87	na	Schnake	2.0	
0.0	1.0	280737.55	1.19	0.4	2.19	1.05	0.23	7.0	1.0	1.0	0.86	0.0	158184.14	5.06	1.39	4.31	1.45	Garnele	3.0	
0.0	1.0	328107.0	1.07	na	2.0	na	5.38	6.0	1.0	1.0	1.28	0.0	167247.83	5.96	0.2	4.07	na	Ameise	3.0	
0.0	1.0	220566.59	1.28	0.67	1.89	1.02	2.25	5.0	1.0	1.0	14.98	0.0	90942.3	5.56	0.86	4.44	1.38	Lachs	1.0	
0.0	1.0	88289.52	1.0	na	1.67	na	2.32	8.0	1.0	1.0	1.71	0.0	32935.15	5.92	0.28	4.47	na	Maulwurf	2.0	
0.0	1.0	39410.17	2.17	1.34	1.48	0.59	0.1	6.0	1.0	1.0	1.71	0.0	28926.57	4.71	1.45	4.43	1.47	Alpaka	3.0	
0.0	1.0	39001.54	2.09	1.08	1.43	0.59	1.1	4.0	1.0	1.0	25.26	0.0	18719.07	5.14	1.31	4.76	1.45	Lama	2.0	
0.0	1.0	249419.8	1.99	1.15	1.22	0.43	0.28	9.0	1.0	1.0	0.86	0.0	141105.04	4.92	1.55	4.51	1.52	Alligator	4.0	
0.0	1.0	63396.64	2.0	1.28	1.22	0.55	0.04	5.0	1.0	1.0	5.14	0.0	24143.49	5.56	0.78	5.06	1.26	Koala	3.0	
1.0	0.0	466596.21	4.88	na	5.63	na	1.61	11.0	0.0	0.0	2.14	1.0	237379.04	5.92	0.28	3.13	na	Staubsauger	3.0	
1.0	0.0	342314.32	2.09	1.08	5.48	0.67	0.34	7.0	0.0	0.0	7.71	0.0	218015.64	5.86	0.48	4.1	1.37	Füller 	2.0	
1.0	0.0	414404.56	5.5	1.03	5.44	0.89	0.83	8.0	0.0	0.0	5.14	1.0	234418.76	4.31	1.2	3.63	1.54	Bratsche	2.0	
1.0	0.0	171570.27	2.04	1.02	5.04	1.11	39.04	6.0	0.0	0.0	9.42	0.0	151604.11	6.0	0.0	3.86	1.65	Kaffee	2.0	
1.0	0.0	188943.76	5.11	1.08	5.0	1.17	0.32	5.0	0.0	0.0	4.28	1.0	153128.01	4.5	1.58	3.41	1.33	Fräse	2.0	
1.0	0.0	331161.24	5.56	1.03	5.0	1.21	0.33	8.0	0.0	0.0	2.57	1.0	234373.9	4.44	1.36	3.75	1.57	Tamburin	3.0	
1.0	0.0	211330.44	2.0	1.32	4.94	1.48	15.66	5.0	0.0	0.0	17.55	0.0	158633.4	5.75	0.77	4.5	1.83	Tasse	2.0	
1.0	0.0	243495.66	5.33	1.44	4.85	1.72	0.38	6.0	0.0	0.0	7.28	1.0	42705.31	4.19	2.04	3.31	1.8	Fiedel	2.0	
1.0	0.0	78056.85	1.91	0.9	4.7	1.18	0.54	4.0	0.0	0.0	14.55	0.0	29138.88	5.33	0.97	4.29	1.52	Kanu	2.0	
1.0	0.0	430901.48	3.87	1.32	4.7	1.22	0.17	7.0	0.0	0.0	3.42	1.0	232758.64	5.71	0.64	3.52	1.6	Toaster	2.0	
1.0	0.0	159714.52	1.94	1.29	4.69	1.35	15.42	6.0	0.0	0.0	8.56	0.0	40185.79	5.88	0.5	3.25	1.77	Zettel	2.0	
1.0	0.0	388353.13	5.5	0.82	4.63	1.41	0.38	11.0	0.0	0.0	1.28	1.0	187924.59	4.17	1.82	3.0	1.67	Kastagnette	4.0	
1.0	0.0	262462.49	5.13	1.45	4.63	1.54	9.47	5.0	0.0	0.0	20.98	1.0	169065.2	4.0	1.59	2.5	1.63	Laute	2.0	
1.0	0.0	150203.33	1.44	0.78	4.61	1.65	1.64	5.0	0.0	1.0	6.85	0.0	27410.5	5.94	0.24	4.0	1.81	Nudel	2.0	
1.0	0.0	117463.04	1.57	0.66	4.52	1.47	41.15	4.0	0.0	0.0	20.55	0.0	105843.57	5.95	0.22	4.0	1.52	Brot	1.0	
1.0	0.0	569395.64	1.88	1.02	4.5	1.59	3.84	8.0	0.0	0.0	3.0	0.0	391916.72	5.88	0.34	4.13	1.75	Brötchen	2.0	
1.0	0.0	208476.17	1.94	1.06	4.47	1.55	1.82	5.0	0.0	0.0	7.28	0.0	106974.74	5.38	0.89	3.94	1.44	Spind	1.0	
1.0	0.0	69677.19	5.0	na	4.44	na	0.3	5.0	0.0	0.0	6.42	1.0	26362.89	4.0	1.73	3.88	na	Banjo	2.0	
1.0	0.0	432916.17	1.83	0.83	4.35	1.23	6.81	10.0	0.0	0.0	3.0	0.0	182162.53	5.9	0.3	4.0	1.73	Schokolade	4.0	
1.0	0.0	176532.84	1.17	0.49	4.3	1.49	7.87	5.0	0.0	0.0	8.99	0.0	116975.5	5.76	0.54	3.52	2.02	Wurst	1.0	
1.0	0.0	548912.4	5.0	1.75	4.25	1.65	0.87	10.0	0.0	0.0	2.14	1.0	236406.95	5.38	1.02	2.5	1.55	Verstärker	3.0	
1.0	0.0	114380.88	2.0	0.97	4.17	1.54	0.49	7.0	0.0	0.0	2.14	0.0	55021.59	5.61	0.7	3.67	2.0	Stöpsel	2.0	
1.0	0.0	100364.18	1.13	0.46	4.04	1.33	0.81	6.0	0.0	0.0	5.57	0.0	38296.26	5.81	0.4	4.0	1.58	Salami	3.0	
1.0	0.0	489361.98	1.11	0.32	4.0	1.5	21.23	5.0	0.0	0.0	15.41	0.0	364229.28	5.67	0.84	3.72	1.84	Faden	2.0	
1.0	0.0	45791.85	1.27	na	4.0	na	13.52	4.0	0.0	0.0	15.41	0.0	20706.61	6.0	0.0	4.13	na	Korb	1.0	
1.0	0.0	158478.81	1.31	0.48	4.0	1.59	5.65	5.0	0.0	0.0	9.85	0.0	152496.51	5.88	0.34	3.06	1.57	Mappe	2.0	
1.0	0.0	470166.51	1.5	0.79	4.0	1.41	6.03	9.0	0.0	0.0	3.85	0.0	107901.96	5.83	0.51	3.72	1.78	Schachtel	2.0	
1.0	0.0	303341.91	1.0	na	3.93	na	9.69	6.0	0.0	0.0	3.85	0.0	160132.59	5.96	0.2	3.47	na	Schnur	1.0	
1.0	0.0	128228.67	1.07	na	3.93	na	0.56	8.0	0.0	0.0	0.86	0.0	15414.08	5.63	0.71	4.53	na	Teleskop	3.0	
1.0	0.0	251519.35	1.06	na	3.88	na	4.58	5.0	0.0	0.0	20.55	0.0	170499.67	5.88	0.34	3.81	na	Kanne	2.0	
1.0	0.0	304238.89	1.5	0.73	3.88	1.67	18.86	5.0	0.0	0.0	16.27	0.0	194064.49	5.63	1.02	3.81	1.87	Kiste	2.0	
1.0	0.0	225791.68	1.22	0.67	3.87	1.32	16.69	6.0	0.0	0.0	8.13	0.0	84690.04	5.81	0.4	4.52	1.66	Schild	1.0	
1.0	0.0	317888.02	1.07	na	3.87	na	2.02	6.0	0.0	0.0	9.85	0.0	208521.35	5.88	0.34	4.0	na	Hocker	2.0	
1.0	0.0	235205.17	1.13	na	3.87	na	6.07	5.0	0.0	0.0	14.98	0.0	155369.19	5.63	0.71	3.27	na	Trage	2.0	
1.0	0.0	188638.52	5.73	na	3.87	na	2.95	5.0	0.0	0.0	11.13	1.0	145431.29	4.57	1.8	3.67	na	Pauke	2.0	
1.0	0.0	631939.42	1.09	0.29	3.83	1.4	3.08	11.0	0.0	0.0	1.28	0.0	232306.9	5.43	0.87	4.14	1.71	Thermometer	4.0	
1.0	0.0	166429.48	1.0	na	3.81	na	14.01	5.0	0.0	0.0	5.57	0.0	150448.01	5.96	0.2	4.38	na	Mütze	2.0	
1.0	0.0	369485.69	1.44	0.81	3.81	1.6	18.47	6.0	0.0	0.0	17.12	0.0	185549.66	5.56	0.89	3.38	2.03	Schale	2.0	
1.0	0.0	136879.84	5.25	na	3.81	na	1.02	4.0	0.0	0.0	5.14	1.0	135401.12	4.81	1.57	3.38	na	Oboe	3.0	
1.0	0.0	116571.31	5.56	na	3.81	na	10.14	5.0	0.0	0.0	7.28	1.0	29411.02	5.05	1.24	3.56	na	Orgel	2.0	
1.0	0.0	192287.37	1.38	0.89	3.75	1.18	0.51	6.0	0.0	0.0	3.85	0.0	47816.16	5.38	1.02	3.56	1.59	Kordel	2.0	
1.0	0.0	323763.27	5.88	na	3.25	na	2.33	6.0	0.0	0.0	14.98	1.0	215160.41	6.0	0.0	3.44	na	Wecker	2.0	
0.0	0.0	259782.86	1.11	0.32	2.33	1.19	2.08	5.0	1.0	1.0	5.57	0.0	189657.25	5.56	0.86	5.11	0.96	Lilie	2.0	
0.0	0.0	226234.72	1.35	0.57	2.13	1.42	58.21	4.0	0.0	1.0	20.98	0.0	57392.29	5.81	0.51	5.05	1.16	Berg	1.0	
0.0	0.0	255129.06	1.06	0.24	2.12	0.93	0.94	8.0	1.0	1.0	1.71	0.0	157579.21	5.39	1.14	4.88	1.27	Narzisse	3.0	
0.0	0.0	231443.76	1.17	0.49	2.0	1.13	28.59	5.0	1.0	1.0	6.42	0.0	172719.07	5.62	0.59	4.19	1.36	Blüte	2.0	
0.0	0.0	147550.45	1.0	na	2.0	na	1.58	5.0	1.0	1.0	3.42	0.0	140155.34	5.92	0.28	5.27	na	Tulpe	2.0	
0.0	0.0	180774.21	2.0	1.15	1.5	0.73	3.7	5.0	1.0	1.0	12.41	0.0	154675.62	5.19	1.22	4.56	1.46	Birke	2.0	
0.0	1.0	342515.81	1.17	0.39	2.35	1.27	4.87	7.0	1.0	1.0	13.27	0.0	71649.99	5.24	0.94	3.29	1.52	Hering 	2.0	
0.0	1.0	284037.33	1.31	0.6	2.19	0.98	2.34	7.0	1.0	1.0	3.0	0.0	167849.41	4.44	1.67	3.31	1.45	Forelle	3.0	
0.0	1.0	261616.8	1.31	0.6	1.81	0.91	0.84	6.0	1.0	1.0	15.41	0.0	138155.71	4.0	1.63	3.38	1.45	Barsch	1.0	
0.0	1.0	638648.21	1.0	na	1.64	na	7.35	13.0	1.0	1.0	2.57	0.0	125672.35	6.0	0.0	5.36	na	Schmetterling	3.0	
0.0	1.0	143680.2	1.25	0.45	1.63	0.72	0.55	8.0	1.0	1.0	0.43	0.0	37805.52	3.88	1.2	2.63	1.63	Kabeljau	3.0	
0.0	1.0	120491.04	1.27	0.59	1.6	0.63	3.11	4.0	1.0	1.0	22.26	0.0	91034.56	4.0	1.71	3.67	1.76	Wels	1.0	
0.0	1.0	758597.13	1.83	0.83	1.3	0.56	2.48	12.0	1.0	1.0	1.71	0.0	437907.38	5.57	0.98	5.24	1.3	Eichhörnchen	3.0	
0.0	1.0	50888.87	2.0	0.91	1.06	0.24	0.6	5.0	1.0	1.0	5.14	0.0	17753.06	5.5	0.92	5.67	0.77	Zebra	2.0	
0.0	1.0	95919.47	2.0	1.03	1.0	0.0	3.06	8.0	1.0	1.0	1.71	0.0	31412.09	5.44	0.96	4.75	1.39	Krokodil	3.0	
1.0	0.0	196288.82	2.0	0.91	5.67	0.59	219.82	4.0	0.0	0.0	28.68	0.0	104898.41	6.0	0.0	4.89	1.64	Buch	1.0	
1.0	0.0	80289.35	2.0	0.97	5.56	0.63	15.71	4.0	0.0	0.0	29.54	0.0	41771.6	5.56	1.09	4.81	1.56	Ball	1.0	
1.0	0.0	665407.68	1.93	na	5.13	na	0.37	12.0	0.0	0.0	0.86	0.0	232143.26	5.79	0.59	3.87	na	Korkenzieher	4.0	
1.0	0.0	508107.86	2.0	1.1	5.13	0.96	0.39	9.0	0.0	0.0	1.71	0.0	246458.6	5.56	0.89	4.0	1.93	Schnuller	2.0	
1.0	0.0	64143.6	1.57	0.73	4.96	0.98	4.82	8.0	0.0	0.0	3.42	0.0	20160.1	5.9	0.3	4.57	1.25	Rucksack	2.0	
1.0	0.0	388841.13	2.17	1.23	4.96	0.98	5.74	5.0	0.0	0.0	16.27	0.0	244645.6	5.29	1.15	3.81	1.63	Ruder	2.0	
1.0	0.0	888030.73	1.47	na	4.93	na	0.76	15.0	0.0	0.0	0.86	0.0	265917.6	5.83	0.38	3.93	na	Schraubenzieher	4.0	
1.0	0.0	191955.66	2.22	1.13	4.91	1.2	15.19	7.0	0.0	0.0	5.57	0.0	57254.53	5.9	0.3	4.81	1.29	Stiefel	2.0	
1.0	0.0	384689.22	5.18	1.01	4.8	1.42	0.14	7.0	0.0	0.0	8.56	1.0	223273.39	3.94	1.7	3.13	1.15	Ratsche	2.0	
1.0	0.0	218478.06	2.22	1.17	4.7	1.29	8.15	6.0	0.0	0.0	7.71	0.0	74633.97	5.86	0.36	4.57	1.29	Schirm	1.0	
1.0	0.0	311172.68	5.56	na	4.56	na	3.35	7.0	0.0	0.0	5.14	1.0	180187.9	5.14	1.28	4.38	na	Violine	4.0	
1.0	0.0	247580.4	1.44	0.73	4.31	1.58	139.33	5.0	0.0	0.0	19.69	0.0	133941.66	5.81	0.54	4.63	1.45	Tisch	1.0	
1.0	0.0	73045.8	1.0	0.0	4.17	1.3	269.28	4.0	0.0	0.0	18.84	0.0	60825.48	5.9	0.3	5.05	1.5	Bild	1.0	
1.0	0.0	420516.68	5.13	na	4.13	na	0.75	9.0	0.0	0.0	1.71	1.0	200614.04	3.71	1.76	3.69	na	Mandoline	4.0	
1.0	0.0	316925.22	1.89	1.13	3.94	1.55	0.2	8.0	0.0	1.0	0.86	0.0	202233.01	5.67	0.77	4.56	1.2	Pistazie	3.0	
1.0	0.0	281914.14	1.78	1.0	3.89	1.6	5.23	6.0	0.0	0.0	10.27	0.0	228375.33	5.89	0.32	3.83	1.76	Karton	2.0	
1.0	0.0	53950.88	4.25	1.73	3.88	1.67	2.23	7.0	0.0	0.0	0.86	1.0	16942.98	4.81	1.52	2.75	1.57	Torpedo	3.0	
1.0	0.0	640493.18	1.09	0.29	3.87	1.79	4.09	8.0	0.0	0.0	5.14	0.0	375553.74	5.86	0.36	3.57	1.78	Schinken	2.0	
1.0	0.0	449374.45	1.0	na	3.87	na	0.2	9.0	0.0	1.0	0.43	0.0	171199.68	5.75	0.74	4.53	na	Blaubeere	3.0	
1.0	0.0	230617.08	1.91	1.23	3.86	1.52	3.49	4.0	0.0	1.0	22.69	0.0	166418.43	5.05	1.4	3.38	1.5	Rute	2.0	
1.0	0.0	270432.1	4.17	1.54	3.83	1.82	5.96	4.0	0.0	0.0	34.67	1.0	183842.03	4.94	1.35	3.17	1.54	Mine	2.0	
1.0	0.0	202977.54	1.53	na	3.8	na	0.76	9.0	0.0	1.0	0.0	0.0	86615.31	5.92	0.28	4.53	na	Haselnuss	3.0	
1.0	0.0	545965.84	1.07	na	3.73	na	0.29	10.0	0.0	1.0	2.57	0.0	188655.37	5.54	0.83	4.2	na	Clementine	4.0	
1.0	0.0	256943.26	1.0	na	3.73	na	6.06	6.0	0.0	1.0	1.71	0.0	167132.24	6.0	0.0	4.53	na	Tomate	3.0	
1.0	0.0	227524.15	1.0	na	3.67	na	1.55	8.0	0.0	1.0	0.86	0.0	159499.98	5.96	0.2	4.27	na	Aprikose	4.0	
1.0	0.0	420751.36	1.0	na	3.67	na	0.87	9.0	0.0	1.0	2.14	0.0	169193.11	5.79	0.51	4.6	na	Brombeere	3.0	
1.0	0.0	164951.16	1.0	na	3.67	na	2.66	7.0	0.0	1.0	5.14	0.0	54573.32	5.96	0.2	3.93	na	Spargel	2.0	
1.0	0.0	262736.95	1.07	na	3.67	na	4.28	7.0	0.0	1.0	2.57	0.0	154676.11	6.0	0.0	4.8	na	Zitrone	3.0	
1.0	0.0	384563.02	1.0	na	3.6	na	3.42	7.0	0.0	1.0	5.99	0.0	226296.76	6.0	0.0	4.8	na	Kirsche	2.0	
1.0	0.0	280852.41	1.22	0.43	3.56	1.25	0.03	7.0	0.0	1.0	1.71	0.0	173859.26	5.78	0.73	4.22	1.66	Limette	3.0	
1.0	0.0	214590.14	1.13	na	3.53	na	5.4	5.0	0.0	1.0	10.27	0.0	164084.08	5.96	0.2	4.6	na	Birne	2.0	
1.0	0.0	527564.87	1.0	na	3.53	na	0.73	13.0	0.0	1.0	1.28	0.0	168080.73	5.79	0.51	4.33	na	Johannisbeere	5.0	
1.0	0.0	418352.05	1.17	0.38	3.5	1.29	2.83	8.0	0.0	1.0	1.28	0.0	168828.31	6.0	0.0	4.83	1.38	Erdbeere	3.0	
1.0	0.0	147633.56	1.0	na	3.47	na	0.29	9.0	0.0	1.0	0.86	0.0	59293.19	5.88	0.45	4.13	na	Basilikum	4.0	
1.0	0.0	232636.15	1.0	na	3.44	na	12.09	6.0	0.0	0.0	9.42	0.0	168235.15	6.0	0.0	5.44	na	Brille	2.0	
1.0	0.0	285370.26	1.0	na	3.4	na	1.12	10.0	0.0	1.0	0.86	0.0	214120.71	5.92	0.41	4.6	na	Champignon	3.0	
0.0	0.0	81786.25	1.17	0.49	2.35	1.19	19.73	5.0	0.0	1.0	11.13	0.0	40913.84	5.48	1.03	3.24	2.0	Staub	1.0	
0.0	0.0	84568.67	1.07	na	2.33	na	66.46	4.0	0.0	1.0	17.12	0.0	54305.14	6.0	0.0	3.4	na	Feld	1.0	
0.0	0.0	401031.31	1.26	0.54	2.26	1.14	22.56	5.0	0.0	1.0	22.69	0.0	253464.48	5.62	0.59	5.14	1.15	Feder	2.0	
0.0	0.0	286602.13	1.83	1.23	2.26	1.25	7.15	7.0	1.0	1.0	8.13	0.0	102666.84	5.76	0.62	5.1	1.22	Muschel	2.0	
0.0	0.0	81000.51	1.17	0.65	2.13	1.18	11.22	5.0	0.0	1.0	8.13	0.0	31943.66	5.62	0.74	3.38	1.77	Dreck	1.0	
0.0	0.0	236044.01	1.83	0.72	2.04	1.19	5.43	7.0	0.0	1.0	4.71	0.0	79554.57	5.52	0.68	3.86	1.49	Schlamm	1.0	
0.0	0.0	123415.25	1.83	0.98	2.0	1.04	18.13	4.0	1.0	1.0	24.83	0.0	96256.06	5.81	0.4	4.48	1.44	Gras	1.0	
0.0	0.0	150588.74	2.14	1.07	1.93	1.03	10.99	3.0	1.0	1.0	33.82	0.0	117949.57	5.67	0.72	3.85	1.59	Ast	1.0	
0.0	0.0	240816.1	2.22	1.13	1.7	0.97	16.69	5.0	1.0	1.0	21.4	0.0	133773.25	5.71	0.46	4.29	1.42	Busch	1.0	
0.0	0.0	110013.98	1.0	na	1.33	na	0.63	6.0	1.0	1.0	0.86	0.0	86820.52	5.25	1.11	4.33	na	Krokus	2.0	
0.0	1.0	251349.55	1.61	0.89	2.48	1.34	42.66	6.0	1.0	1.0	20.98	0.0	137664.73	5.71	0.64	4.71	1.23	Fisch 	1.0	
0.0	1.0	683408.87	4.4	na	2.4	na	0.34	15.0	1.0	1.0	0.43	1.0	236083.39	5.75	0.61	4.4	na	Klapperschlange	4.0	
0.0	1.0	142567.8	3.75	1.24	2.19	0.91	9.64	4.0	1.0	1.0	28.68	1.0	86621.29	5.56	0.81	4.06	1.57	Gans	1.0	
0.0	1.0	402387.72	1.47	na	1.93	na	2.84	11.0	1.0	1.0	0.86	0.0	199007.02	6.0	0.0	4.87	na	Schildkröte	3.0	
0.0	1.0	413564.87	2.07	na	1.93	na	3.47	6.0	1.0	1.0	9.85	0.0	245440.96	5.96	0.2	4.8	na	Schwan	1.0	
0.0	1.0	63363.14	1.13	na	1.73	na	1.23	5.0	1.0	1.0	7.71	0.0	21741.7	4.88	1.48	5.0	na	Torso	2.0	
0.0	1.0	610640.13	1.0	na	1.67	na	1.95	11.0	1.0	1.0	1.71	0.0	168894.16	5.79	0.51	4.73	na	Tintenfisch	3.0	
0.0	1.0	213576.96	3.73	na	1.67	na	0.89	7.0	1.0	1.0	2.57	1.0	131093.85	5.83	0.38	4.8	na	Seehund	2.0	
0.0	1.0	59748.24	1.17	0.38	1.5	0.71	3.2	3.0	1.0	1.0	30.39	0.0	36024.28	5.39	1.04	4.72	1.45	Aal	1.0	
0.0	1.0	69060.71	1.89	0.76	1.39	0.61	3.01	3.0	1.0	1.0	35.53	0.0	53617.34	5.78	0.55	5.28	1.02	Reh	1.0	
0.0	1.0	439012.54	1.3	0.47	1.35	0.78	0.47	8.0	1.0	1.0	2.14	0.0	216386.33	5.29	1.38	4.43	1.69	Faultier	2.0	
0.0	1.0	23690.24	1.67	0.97	1.33	0.59	2.02	3.0	1.0	1.0	43.24	0.0	22461.57	5.72	0.83	5.5	0.99	Hai	1.0	
0.0	1.0	131401.15	1.8	0.77	1.31	0.6	0.06	6.0	1.0	1.0	1.28	0.0	104538.77	3.44	1.38	4.44	1.5	Wombat	2.0	
0.0	1.0	31385.85	1.59	0.85	1.27	0.46	0.09	3.0	1.0	1.0	11.56	0.0	27700.78	3.9	1.58	3.85	1.9	Emu	2.0	
0.0	1.0	33885.69	1.77	1.02	1.19	0.4	0.15	3.0	1.0	1.0	9.42	0.0	27729.43	3.86	1.56	3.89	1.91	Gnu	1.0	
1.0	0.0	348683.83	3.9	1.22	5.33	0.84	1.11	6.0	0.0	0.0	3.85	1.0	212352.69	4.71	1.71	3.78	1.31	Mörser	2.0	
1.0	0.0	212016.37	5.63	0.89	5.31	0.95	0.71	13.0	0.0	0.0	0.86	1.0	20598.15	5.5	1.1	3.88	1.5	Ziehharmonika	5.0	
1.0	0.0	239536.97	1.94	1.3	5.22	0.88	3.8	8.0	0.0	0.0	1.28	0.0	161651.13	5.89	0.32	3.83	1.92	Matratze	3.0	
1.0	0.0	370686.76	4.63	1.5	5.19	1.17	1.27	6.0	0.0	0.0	8.13	1.0	216863.97	5.38	1.31	4.69	1.3	Bagger	2.0	
1.0	0.0	339339.52	3.81	1.42	5.13	1.31	6.89	7.0	0.0	0.0	8.13	1.0	217860.65	5.63	0.72	3.63	1.45	Drucker	2.0	
1.0	0.0	584715.23	5.44	0.89	5.06	1.18	2.95	9.0	0.0	0.0	1.71	1.0	229092.11	6.0	0.0	5.06	1.29	Fernseher	3.0	
1.0	0.0	767498.52	3.75	na	5.0	na	6.79	15.0	0.0	0.0	0.86	1.0	268219.37	5.67	0.76	3.81	na	Schreibmaschine	4.0	
1.0	0.0	58656.22	3.53	na	4.93	na	0.02	7.0	0.0	0.0	0.0	1.0	19134.81	5.83	0.48	3.6	na	Gameboy	2.0	
1.0	0.0	401293.41	2.21	na	4.8	na	0.24	10.0	0.0	0.0	0.86	0.0	196776.89	5.88	0.34	4.33	na	Rollschuhe	3.0	
1.0	0.0	135996.17	3.94	1.29	4.75	1.39	173.02	3.0	0.0	0.0	17.12	1.0	121644.18	6.0	0.0	4.13	1.71	Uhr	1.0	
1.0	0.0	44162.69	1.5	0.71	4.72	1.13	10.86	4.0	0.0	0.0	12.41	0.0	36295.53	6.0	0.0	4.22	1.59	Sofa	2.0	
1.0	0.0	230586.05	1.75	0.86	4.44	1.75	3.42	7.0	0.0	0.0	3.42	0.0	133571.06	5.56	1.03	4.31	1.58	Monitor	3.0	
1.0	0.0	250328.9	5.38	na	4.44	na	1.36	13.0	0.0	0.0	0.86	1.0	54839.12	5.14	1.39	4.0	na	Mundharmonika	5.0	
1.0	0.0	na	4.9	1.45	4.24	1.51	na	10.0	0.0	0.0	na	1.0	na	4.1	1.73	3.55	1.67	Grammophon	na	
1.0	0.0	181690.23	1.07	na	4.13	na	2.62	5.0	0.0	0.0	6.85	0.0	89207.21	5.96	0.2	3.87	na	Couch	2.0	
1.0	0.0	406194.28	5.57	1.16	4.09	1.63	0.16	11.0	0.0	0.0	0.43	1.0	228385.69	4.76	1.58	1.9	1.3	Martinshorn	3.0	
1.0	0.0	na	1.27	na	4.0	na	na	8.0	0.0	0.0	na	0.0	na	5.75	0.74	3.13	na	Isomatte	3.0	
1.0	0.0	57947.82	1.13	na	4.0	na	8.19	4.0	0.0	1.0	6.85	0.0	49930.91	5.79	0.59	3.73	na	Pfad	1.0	
1.0	0.0	39855.43	1.17	0.39	3.91	1.35	20.44	4.0	0.0	0.0	14.55	0.0	17626.45	5.62	0.74	4.14	1.74	Netz	1.0	
1.0	0.0	460680.64	1.07	na	3.87	na	1.32	12.0	0.0	1.0	0.43	0.0	138189.74	5.96	0.2	3.73	na	Schnittlauch	2.0	
1.0	0.0	345381.6	5.47	na	3.87	na	1.36	9.0	0.0	0.0	0.86	1.0	213672.0	5.92	0.28	4.07	na	Kopfhörer	3.0	
1.0	0.0	219561.99	1.17	0.39	3.83	1.64	0.14	8.0	0.0	0.0	0.86	0.0	149478.53	5.38	1.02	3.62	1.91	Lakritze	3.0	
1.0	0.0	172938.37	1.06	na	3.81	na	17.25	6.0	0.0	0.0	9.85	0.0	62185.19	6.0	0.0	4.31	na	Sessel	2.0	
1.0	0.0	168170.17	1.35	0.65	3.78	1.57	2.02	7.0	0.0	0.0	0.86	0.0	105232.04	5.57	0.81	3.95	1.88	Etikett	3.0	
1.0	0.0	188778.1	2.04	1.26	3.78	1.62	2.39	5.0	0.0	0.0	11.13	0.0	151522.17	5.0	1.26	4.1	1.79	Keule	2.0	
1.0	0.0	245480.9	1.17	0.39	3.78	1.62	6.0	6.0	0.0	0.0	3.42	0.0	168255.36	5.48	1.08	4.48	1.66	Tapete	3.0	
1.0	0.0	168013.54	2.09	1.41	3.74	1.42	0.24	7.0	0.0	0.0	0.86	0.0	17218.19	5.86	0.36	4.0	1.67	Ketchup	2.0	
1.0	0.0	176242.06	1.2	na	3.73	na	1.37	9.0	0.0	1.0	0.86	0.0	108715.54	5.96	0.2	4.2	na	Kopfsalat	3.0	
1.0	0.0	406834.04	5.05	na	3.7	na	0.02	7.0	0.0	0.0	1.28	1.0	206998.8	5.0	1.29	3.1	na	Piepser	2.0	
1.0	0.0	418769.48	4.0	1.98	3.68	1.36	1.69	7.0	0.0	0.0	11.56	1.0	222263.39	4.76	1.26	2.71	1.49	Schelle	2.0	
1.0	0.0	200774.11	1.0	na	3.67	na	0.38	9.0	0.0	1.0	0.43	0.0	105801.66	5.83	0.64	3.87	na	Feldsalat	3.0	
1.0	0.0	402470.96	1.28	0.57	3.67	1.5	7.61	5.0	0.0	0.0	16.7	0.0	342113.46	5.67	0.69	4.17	1.5	Haken	2.0	
1.0	0.0	199423.6	1.89	1.37	3.67	1.57	3.59	5.0	0.0	0.0	5.57	0.0	151206.87	5.67	0.69	4.33	1.71	Truhe	2.0	
1.0	0.0	74166.2	1.07	na	3.63	na	6.89	4.0	0.0	0.0	14.13	0.0	45728.75	5.67	0.66	4.13	na	Helm	1.0	
1.0	0.0	339775.72	1.74	0.81	3.61	1.34	5.49	7.0	0.0	0.0	3.85	0.0	183696.86	5.43	0.75	3.76	1.73	Gardine	3.0	
1.0	0.0	401161.46	1.48	0.73	3.61	1.44	0.13	8.0	0.0	0.0	6.42	0.0	232134.35	5.57	0.81	4.1	1.51	Sticker 	2.0	
1.0	0.0	326112.35	1.07	na	3.6	na	15.97	5.0	0.0	0.0	8.56	0.0	150229.87	6.0	0.0	5.0	na	Kerze	2.0	
1.0	0.0	252005.01	1.13	na	3.6	na	1.22	6.0	0.0	1.0	4.71	0.0	163676.62	5.96	0.2	4.2	na	Melone	3.0	
1.0	0.0	278901.1	1.13	na	3.6	na	2.24	8.0	0.0	1.0	1.71	0.0	142644.6	6.0	0.0	4.47	na	Pfirsich	2.0	
1.0	0.0	174655.71	1.07	na	3.43	na	0.65	6.0	0.0	1.0	4.71	0.0	56951.1	5.67	0.64	3.64	na	Dattel	2.0	
0.0	0.0	164736.78	1.17	0.49	2.5	1.47	6.5	7.0	0.0	0.0	3.85	0.0	31694.29	3.95	1.8	4.05	1.9	Relief 	3.0	
0.0	0.0	228428.47	4.61	1.31	2.04	1.19	26.32	5.0	0.0	1.0	29.54	1.0	171331.62	5.86	0.36	4.48	1.33	Welle	2.0	
0.0	0.0	339893.62	1.0	na	2.0	na	0.11	10.0	0.0	0.0	0.86	0.0	168426.48	5.19	1.36	3.6	na	Leitplanke	3.0	
0.0	0.0	518923.55	4.09	1.53	1.83	0.89	0.34	11.0	0.0	1.0	0.0	1.0	154437.0	5.33	0.97	3.0	1.45	Steinschlag	2.0	
0.0	0.0	269598.36	1.0	na	1.67	na	0.77	6.0	1.0	1.0	1.28	0.0	221467.01	3.71	1.49	4.33	na	Enzian	3.0	
0.0	0.0	105254.23	1.05	0.22	1.67	0.86	0.69	6.0	1.0	1.0	3.85	0.0	33435.58	4.33	1.71	4.1	1.68	Primel	2.0	
0.0	0.0	324332.06	2.09	1.24	1.39	0.72	0.49	6.0	1.0	1.0	1.71	0.0	185110.43	4.71	1.15	3.24	1.73	Lärche	2.0	
0.0	0.0	169800.76	3.77	1.6	1.36	0.73	0.11	7.0	0.0	1.0	1.28	1.0	138663.4	4.24	1.61	4.65	1.57	Geysir 	2.0	
0.0	0.0	247115.69	4.78	1.04	1.35	0.49	0.46	9.0	0.0	1.0	0.0	1.0	125670.18	4.52	1.08	3.05	1.47	Sturzbach	2.0	
0.8	1.0	539972.16	5.0	na	3.5	na	18.36	7.0	1.0	1.0	8.56	1.0	306138.23	4.47	na	4.55	na	Schwein	1.0	
0.5	1.0	215087.76	5.25	na	3.45	na	11.9	4.0	1.0	1.0	12.41	1.0	207730.11	4.33	na	4.2	na	Huhn	1.0	
0.5	1.0	102354.17	2.56	1.55	3.44	1.21	4.19	4.0	1.0	1.0	12.84	0.5	73888.03	6.0	0.0	4.0	1.41	Nuss	1.0	
0.5	1.0	55401.32	3.94	1.65	3.38	1.09	15.32	3.0	1.0	1.0	30.82	1.0	54218.11	5.88	0.34	4.69	1.3	Kuh	1.0	
0.5	1.0	171295.75	4.47	na	3.33	na	3.75	5.0	1.0	1.0	7.71	1.0	152935.81	5.6	na	3.8	na	Mücke	2.0	
0.5	1.0	224948.51	5.65	na	3.25	na	15.54	4.0	1.0	1.0	26.11	1.0	211427.01	3.8	na	4.15	na	Hahn	1.0	
0.5	1.0	183861.4	3.69	1.3	3.19	1.52	0.37	8.0	1.0	1.0	1.71	0.8	128063.81	5.44	0.89	4.56	1.46	Labrador	3.0	
0.5	1.0	363571.26	1.87	na	3.13	na	0.29	9.0	1.0	1.0	0.86	0.0	155990.89	4.57	1.75	4.8	na	Kakerlake	4.0	
0.5	1.0	181761.57	4.0	1.37	3.13	1.54	0.22	5.0	1.0	1.0	5.99	1.0	150520.9	5.81	0.4	4.31	1.14	Welpe	2.0	
0.5	1.0	99057.42	3.75	1.48	3.0	1.46	1.73	6.0	1.0	1.0	6.42	0.8	45631.04	5.63	0.72	4.75	1.24	Dackel	2.0	
0.5	1.0	185124.15	4.28	1.18	2.94	1.47	19.31	5.0	1.0	1.0	11.56	1.0	152070.97	5.94	0.24	5.06	1.16	Katze	2.0	
0.5	1.0	557455.46	4.31	1.2	2.88	1.36	0.47	7.0	1.0	1.0	3.42	1.0	217894.71	5.0	1.15	4.19	1.52	Terrier	2.0	
0.5	1.0	30870.5	3.56	1.41	2.75	1.13	0.1	5.0	1.0	1.0	1.71	0.8	12439.96	5.44	0.81	4.94	1.24	Husky	1.0	
0.5	1.0	187253.36	3.63	1.2	2.69	1.14	7.01	4.0	1.0	1.0	20.55	0.8	87811.08	5.75	0.58	4.38	1.15	Rind	1.0	
0.5	1.0	327813.49	1.47	na	2.6	na	1.96	6.0	1.0	1.0	10.7	0.0	213205.91	4.81	1.44	5.07	na	Hummer	2.0	
0.5	1.0	173940.22	4.87	na	2.6	na	59.64	4.0	1.0	1.0	23.54	1.0	110172.74	5.0	na	4.8	na	Hund	1.0	
0.0	1.0	428107.44	2.56	1.03	2.31	1.08	1.09	7.0	1.0	1.0	0.86	0.0	237256.92	5.31	1.45	4.31	1.45	Hamster	2.0	
0.2	1.0	na	2.43	1.53	2.3	1.02	na	3.0	1.0	1.0	na	0.5	na	5.76	0.54	4.71	1.15	See	na	
0.2	1.0	202430.42	1.88	0.89	2.19	1.28	8.22	4.0	1.0	1.0	30.39	0.0	151593.11	5.75	0.58	4.63	1.45	Hase	2.0	
0.0	1.0	88009.54	2.61	1.33	2.17	1.1	2.73	5.0	1.0	1.0	14.13	0.0	37246.67	5.61	0.78	5.44	0.86	Kamel	2.0	
0.2	1.0	335234.36	3.38	1.45	2.13	1.31	5.62	7.0	1.0	1.0	4.28	0.5	248068.69	5.38	1.41	4.94	1.18	Delphin	2.0	
0.0	1.0	na	1.85	0.99	2.08	1.26	na	6.0	1.0	1.0	na	0.0	na	3.19	1.86	4.27	1.28	Kaiman	na	
0.0	1.0	704870.06	1.94	1.06	1.89	1.13	3.97	9.0	1.0	1.0	2.57	0.0	391510.08	5.56	0.92	5.06	1.16	Kaninchen	3.0	
0.0	1.0	na	2.96	1.33	1.87	0.92	na	5.0	1.0	1.0	na	na	na	5.24	1.26	4.05	1.6	Bulle	na	
0.0	1.0	na	2.65	1.3	1.87	1.1	na	4.0	1.0	1.0	na	na	na	5.52	0.87	4.24	1.67	Kalb	na	
0.0	1.0	55777.03	2.87	na	1.87	na	2.19	3.0	1.0	1.0	32.11	0.5	32295.36	3.0	na	5.0	na	Wal	1.0	
0.0	1.0	185683.32	3.44	1.38	1.83	1.2	2.2	5.0	1.0	1.0	11.13	0.5	147163.98	5.56	0.7	4.67	1.24	Falke	2.0	
0.0	1.0	na	2.39	1.2	1.74	0.86	na	5.0	1.0	1.0	na	0.5	na	5.43	1.12	4.67	1.62	Ratte	na	
0.0	1.0	427067.79	2.87	na	1.73	na	1.7	6.0	1.0	1.0	7.71	0.5	238364.74	3.47	na	4.4	na	Elster	2.0	
0.0	1.0	39103.84	3.53	na	1.73	na	19.33	4.0	1.0	1.0	16.27	1.0	25513.11	3.07	na	4.87	na	Wolf	1.0	
0.0	1.0	209642.18	3.33	1.37	1.72	0.75	1.98	5.0	1.0	1.0	3.0	0.5	151338.89	5.83	0.38	4.94	1.3	Wespe	2.0	
0.0	1.0	231691.9	3.06	1.48	1.69	1.3	0.12	6.0	1.0	1.0	0.43	0.5	171445.33	4.56	1.46	3.75	1.81	Kojote	3.0	
0.0	1.0	62008.45	3.33	1.37	1.67	0.77	5.91	4.0	1.0	1.0	17.12	0.5	44892.47	5.5	1.04	4.83	1.15	Lamm	1.0	
0.0	1.0	na	1.33	na	1.6	na	na	9.0	1.0	1.0	na	0.0	na	3.6	na	4.8	na	Goldfisch	na	
0.0	1.0	380404.25	3.47	na	1.6	na	3.05	8.0	1.0	1.0	4.71	0.5	178229.34	3.0	na	4.8	na	Schwalbe	2.0	
0.0	1.0	132148.31	2.44	1.31	1.5	0.73	10.57	4.0	1.0	1.0	32.11	0.2	98202.43	5.56	0.73	4.81	1.38	Maus	1.0	
0.0	1.0	na	2.23	1.02	1.45	0.74	na	8.0	1.0	1.0	na	0.5	na	4.38	1.53	4.6	1.67	Dromedar	na	
0.0	1.0	465561.22	3.31	1.3	1.44	1.31	2.02	5.0	1.0	1.0	19.69	0.5	224973.82	5.19	1.11	4.38	1.63	Geier	2.0	
0.0	1.0	317796.86	3.13	1.15	1.44	0.81	1.77	7.0	1.0	1.0	2.57	0.5	182823.49	5.0	1.03	3.44	1.59	Habicht	2.0	
0.0	1.0	243985.69	3.56	1.31	1.44	0.89	11.0	6.0	1.0	1.0	8.56	1.0	130309.5	5.5	1.03	5.06	1.12	Hirsch	1.0	
0.0	1.0	448296.67	2.73	na	1.4	na	4.41	10.0	1.0	1.0	0.86	0.5	143075.43	3.67	na	4.73	na	Fledermaus	3.0	
0.0	1.0	59394.3	2.25	1.06	1.38	1.09	1.8	4.0	1.0	1.0	6.42	0.0	25061.86	5.44	0.96	5.13	1.2	Pfau	1.0	
0.0	1.0	461343.16	2.56	0.96	1.38	0.62	13.96	8.0	1.0	1.0	4.28	0.5	204996.63	5.44	1.03	5.0	1.32	Schlange	2.0	
0.0	1.0	59581.77	3.33	1.37	1.33	0.89	0.25	8.0	1.0	1.0	0.43	0.5	33828.32	2.89	1.78	3.75	1.66	Dompfaff	2.0	
0.0	1.0	267634.35	3.07	na	1.33	na	1.81	7.0	1.0	1.0	2.57	0.5	165019.28	4.0	na	4.93	na	Libelle	3.0	
0.0	1.0	231342.0	2.67	1.28	1.33	0.59	2.89	6.0	1.0	1.0	4.28	0.5	117856.9	5.44	1.04	5.17	1.34	Storch	1.0	
0.0	1.0	na	2.3	1.15	1.3	0.63	na	6.0	1.0	1.0	na	0.5	na	5.1	1.45	4.9	1.37	Gepard	na	
0.0	1.0	na	2.3	1.06	1.3	0.56	na	7.0	1.0	1.0	na	0.5	na	5.29	1.15	5.24	0.83	Leopard	na	
0.0	1.0	279618.08	2.59	1.58	1.29	0.59	1.5	5.0	1.0	1.0	7.28	0.0	216741.63	4.72	1.49	5.12	1.17	Fasan	2.0	
0.0	1.0	305108.58	3.6	na	1.27	na	0.82	5.0	1.0	1.0	16.7	1.0	161557.64	3.73	na	4.47	na	Meise	2.0	
0.0	1.0	na	2.22	1.17	1.26	0.62	na	9.0	1.0	1.0	na	0.5	na	4.9	1.48	3.62	1.75	Frettchen	na	
0.0	1.0	na	2.17	1.11	1.26	0.69	na	7.0	1.0	1.0	na	0.5	na	5.52	0.98	5.29	1.01	Pinguin	na	
0.0	1.0	na	1.81	0.75	1.24	0.44	na	6.0	1.0	1.0	na	0.0	na	3.38	1.86	4.93	1.71	Ozelot	na	
0.0	1.0	322108.14	2.33	1.11	1.2	0.77	0.51	8.0	1.0	1.0	1.28	0.0	225226.31	3.5	1.58	4.71	1.27	Kormoran	3.0	
0.0	1.0	100838.29	3.47	na	1.2	na	2.04	4.0	1.0	1.0	19.26	0.5	19514.33	3.4	na	4.0	na	Fink	1.0	
0.0	1.0	na	2.22	1.13	1.17	0.39	na	8.0	1.0	1.0	na	0.5	na	5.19	1.17	5.14	1.15	Panther 	na	
0.0	1.0	330228.67	2.78	1.52	1.17	0.38	17.13	5.0	1.0	1.0	9.85	0.5	215453.99	5.61	0.92	5.22	0.94	Adler	2.0	
0.0	1.0	314744.64	3.28	1.27	1.17	0.38	0.69	7.0	1.0	1.0	2.14	0.5	150693.99	5.11	1.08	4.89	1.28	Kranich	2.0	
0.0	1.0	188413.77	3.56	1.62	1.17	0.38	0.91	5.0	1.0	1.0	8.13	1.0	144139.89	5.61	0.85	4.78	1.44	Robbe	2.0	
0.0	1.0	156911.55	3.82	0.98	1.15	0.38	0.46	7.0	1.0	1.0	1.71	1.0	25613.09	3.33	1.61	4.08	1.8	Kiebitz	2.0	
0.0	1.0	191770.89	3.0	1.46	1.13	0.34	1.06	5.0	1.0	1.0	1.71	0.5	154700.27	5.13	1.15	4.25	1.29	Hyäne	2.0	
0.0	1.0	132111.75	3.39	1.38	1.11	0.32	0.57	7.0	1.0	1.0	2.14	0.5	63090.76	4.67	1.33	4.61	1.58	Bussard	2.0	
0.0	1.0	315175.94	3.11	1.6	1.11	0.32	0.7	7.0	1.0	1.0	3.42	0.5	219106.84	5.22	1.31	5.44	0.78	Pelikan	3.0	
0.0	1.0	430596.28	2.71	1.21	1.11	0.32	1.19	6.0	1.0	1.0	11.13	0.5	215672.26	5.0	1.33	4.44	1.69	Reiher	2.0	
0.0	1.0	46662.88	3.22	1.52	1.06	0.24	0.41	6.0	1.0	1.0	0.43	0.5	29755.45	4.61	1.33	4.94	1.11	Kakadu	3.0	
0.0	1.0	91893.99	2.94	1.66	1.0	0.0	0.59	7.0	1.0	1.0	0.86	0.5	27857.69	5.06	1.16	5.28	0.89	Kolibri	3.0	
1.0	0.0	291271.25	3.56	1.67	5.88	0.5	8.42	8.0	0.0	0.0	2.57	0.8	173760.22	6.0	0.0	4.19	1.64	Toilette	4.0	
1.0	0.0	263148.22	2.63	1.36	5.75	0.58	112.96	7.0	0.0	0.0	9.85	0.5	98619.24	5.94	0.25	4.81	1.33	Zeitung	2.0	
1.0	0.0	na	3.67	1.32	5.68	0.58	na	6.0	0.0	0.0	na	0.8	na	5.76	0.54	4.37	1.54	Tacker	na	
1.0	0.0	616693.84	3.39	1.85	5.67	0.69	0.06	8.0	0.0	0.0	1.71	0.5	231137.06	5.89	0.32	4.33	1.61	Rasierer	3.0	
1.0	0.0	21728.08	3.0	0.91	5.61	0.61	0.29	6.0	0.0	0.0	0.86	0.5	11704.39	6.0	0.0	4.78	1.44	Laptop	2.0	
1.0	0.0	546692.62	2.67	1.33	5.61	0.78	5.21	6.0	0.0	0.0	17.98	0.5	224697.46	5.94	0.24	4.28	1.6	Schere	2.0	
1.0	0.0	31870.55	3.35	1.73	5.61	1.04	0.52	5.0	0.0	0.0	2.14	0.5	14693.15	5.14	1.68	4.33	1.75	Quirl	1.0	
1.0	0.0	381606.26	3.28	1.07	5.56	0.78	15.79	8.0	0.0	0.0	3.85	0.5	215240.67	6.0	0.0	4.61	1.14	Computer	3.0	
1.0	0.0	83831.41	2.94	1.21	5.56	0.51	0.84	5.0	0.0	0.0	7.71	0.5	36779.08	5.78	0.55	4.06	1.0	Grill	1.0	
1.0	0.0	266856.66	3.61	1.46	5.56	0.7	23.85	9.0	0.0	0.0	4.71	0.8	75023.38	5.89	0.47	4.33	1.64	Schlüssel	2.0	
1.0	0.0	112851.19	2.11	1.28	5.5	0.71	13.0	5.0	0.0	0.0	16.27	0.2	41991.4	6.0	0.0	4.5	1.58	Gabel	2.0	
1.0	0.0	579356.92	3.06	1.43	5.5	0.79	5.96	8.0	0.0	0.0	5.57	0.5	265651.89	5.67	0.84	3.22	1.56	Schalter	2.0	
1.0	0.0	297854.16	2.44	1.15	5.44	1.04	4.16	6.0	0.0	0.0	3.42	0.2	191425.03	6.0	0.0	3.89	1.71	Bürste	2.0	
1.0	0.0	179474.52	3.48	1.47	5.44	0.78	2.06	5.0	0.0	0.0	20.98	0.5	150199.21	5.0	1.38	4.17	1.69	Hacke	2.0	
1.0	0.0	107776.6	2.93	na	5.4	na	8.85	7.0	0.0	0.0	1.71	0.5	57117.19	5.0	na	4.93	na	Fahrrad	2.0	
1.0	0.0	na	2.57	1.16	5.39	0.78	na	5.0	0.0	0.0	na	na	na	5.9	0.3	4.33	1.2	Stift	na	
1.0	0.0	18617.16	3.56	1.42	5.39	0.7	4.26	4.0	0.0	0.0	10.7	0.8	18038.27	5.89	0.47	4.44	1.29	Taxi	2.0	
1.0	0.0	349807.54	3.33	1.46	5.37	1.12	0.48	8.0	0.0	0.0	3.42	0.5	232802.51	4.52	1.5	4.0	1.53	Stampfer	2.0	
1.0	0.0	100902.6	5.0	1.15	5.31	0.87	6.97	3.0	0.0	0.0	42.81	1.0	89679.94	5.94	0.25	4.69	1.14	Bus	1.0	
1.0	0.0	73408.59	5.44	0.81	5.31	1.2	59.24	8.0	0.0	0.0	3.0	1.0	42514.49	5.75	0.58	5.13	1.2	Flugzeug	2.0	
1.0	0.0	697099.89	2.28	1.07	5.28	0.96	6.25	9.0	0.0	0.0	5.99	0.2	404854.36	5.83	0.51	5.22	0.88	Schlitten	2.0	
1.0	0.0	135868.1	2.47	na	5.27	na	3.38	4.0	0.0	0.0	24.83	0.2	45641.12	5.05	1.4	4.27	na	Beil	1.0	
1.0	0.0	174711.22	5.19	0.87	5.26	0.93	3.09	7.0	0.0	0.0	2.57	1.0	127650.7	5.43	0.81	5.05	1.08	Traktor	2.0	
1.0	0.0	140823.72	2.19	0.98	5.25	0.93	102.68	4.0	0.0	0.0	23.97	0.2	114497.42	5.88	0.5	4.81	1.22	Bett	1.0	
1.0	0.0	271201.55	2.69	1.08	5.25	1.13	0.92	5.0	0.0	0.0	17.12	0.5	154978.27	5.31	1.45	3.75	1.48	Feile	2.0	
1.0	0.0	278340.65	2.63	1.36	5.25	0.93	3.88	8.0	0.0	0.0	1.28	0.5	74926.97	5.81	0.54	4.69	1.54	Schaufel	2.0	
1.0	0.0	285198.58	3.44	1.5	5.25	1.06	5.01	5.0	0.0	0.0	17.98	0.5	179359.16	5.63	0.72	3.19	1.76	Taste	2.0	
1.0	0.0	387555.05	2.31	1.01	5.19	1.11	16.38	4.0	0.0	0.0	13.7	0.2	331497.39	5.75	0.68	3.63	1.67	Ofen	2.0	
1.0	0.0	251594.13	2.44	1.03	5.19	1.11	4.29	6.0	0.0	0.0	3.42	0.2	166161.08	6.0	0.0	4.31	1.62	Pfanne	2.0	
1.0	0.0	127510.38	3.0	1.37	5.19	1.52	125.35	3.0	0.0	0.0	19.26	0.5	124469.99	6.0	0.0	4.63	1.75	Tür	1.0	
1.0	0.0	366761.18	2.33	0.97	5.17	0.86	22.02	6.0	0.0	0.0	18.41	0.2	220976.6	6.0	0.0	4.5	1.58	Teller	2.0	
1.0	0.0	71924.48	4.5	1.29	5.17	0.99	0.82	4.0	0.0	0.0	21.83	1.0	44384.2	5.67	0.84	4.61	1.04	Tram	1.0	
1.0	0.0	na	2.3	1.06	5.13	1.18	na	5.0	0.0	0.0	na	0.5	na	5.9	0.3	4.67	1.28	Schuh	na	
1.0	0.0	na	2.78	1.41	5.13	0.97	na	5.0	0.0	0.0	na	na	na	5.81	0.4	4.33	1.74	Besen	na	
1.0	0.0	103190.71	6.0	0.0	5.11	1.1	0.49	5.0	0.0	0.0	9.42	1.0	43293.37	5.57	0.81	3.42	1.77	Disco	2.0	
1.0	0.0	82822.92	5.11	1.17	5.1	1.52	0.11	7.0	0.0	0.0	1.71	1.0	28818.58	1.88	1.51	3.4	1.96	Marimba	3.0	
1.0	0.0	331842.72	3.38	na	5.07	na	10.89	6.0	0.0	0.0	14.98	0.5	218260.06	4.94	na	4.6	na	Hammer	2.0	
1.0	0.0	na	1.4	na	5.0	na	na	10.0	0.0	0.0	na	0.0	na	4.93	na	3.8	na	Kochlöffel	na	
1.0	0.0	415207.16	3.06	1.34	5.0	1.37	1.15	7.0	0.0	0.0	3.0	0.5	243452.0	5.81	0.54	3.31	1.4	Scanner	2.0	
1.0	0.0	240441.29	2.79	na	5.0	na	1.95	8.0	0.0	0.0	0.86	0.5	136298.96	5.07	na	4.47	na	Tastatur	3.0	
1.0	0.0	202392.36	4.5	2.35	5.0	1.41	0.2	5.0	0.0	0.0	7.71	1.0	150570.25	2.0	1.62	3.25	1.83	Gambe	2.0	
1.0	0.0	na	3.3	1.29	5.0	1.17	na	5.0	0.0	0.0	na	na	na	5.24	1.18	4.81	1.5	Sense	na	
1.0	0.0	na	3.48	1.65	5.0	1.24	na	6.0	0.0	0.0	na	na	na	5.76	0.44	5.24	1.04	Würfel	na	
1.0	0.0	81573.96	3.44	1.62	4.94	1.3	0.14	6.0	0.0	0.0	5.99	0.5	29735.19	4.89	1.41	3.78	1.56	Raspel	2.0	
1.0	0.0	276942.34	3.29	1.61	4.94	1.59	1.06	5.0	0.0	0.0	11.56	0.5	151401.49	5.28	1.41	3.67	1.78	Reibe	2.0	
1.0	0.0	24638.94	2.56	1.1	4.94	1.11	12.72	4.0	0.0	0.0	11.13	0.5	20390.85	5.94	0.24	4.11	1.78	Topf	1.0	
1.0	0.0	256679.17	2.25	1.95	4.94	1.18	10.06	8.0	0.0	0.0	4.28	0.2	69931.21	5.88	0.5	4.13	1.63	Schüssel	2.0	
1.0	0.0	na	5.38	na	4.94	na	na	6.0	0.0	0.0	na	1.0	na	3.54	1.96	3.44	na	Zither	na	
1.0	0.0	39468.65	5.13	1.09	4.94	1.29	125.3	3.0	0.0	0.0	21.4	1.0	36104.03	5.94	0.25	4.44	1.26	Zug	1.0	
1.0	0.0	388614.04	2.31	1.2	4.88	1.2	34.34	7.0	0.0	0.0	6.85	0.2	222898.77	5.81	0.75	4.63	1.54	Flasche	2.0	
1.0	0.0	379891.4	3.88	1.59	4.88	1.26	3.38	7.0	0.0	0.0	8.99	1.0	228256.68	5.56	0.81	4.56	1.09	Kutsche	2.0	
1.0	0.0	na	2.22	1.2	4.87	1.18	na	7.0	0.0	0.0	na	0.5	na	5.52	0.75	4.52	1.12	Stempel	na	
1.0	0.0	na	2.65	1.3	4.87	1.22	na	5.0	0.0	0.0	na	na	na	5.95	0.22	4.67	1.53	Münze	na	
1.0	0.0	186887.54	2.8	1.21	4.87	1.13	0.79	5.0	0.0	0.0	14.13	0.5	150207.62	5.13	1.5	4.2	1.37	Harke	2.0	
1.0	0.0	100595.42	2.87	na	4.87	na	0.68	5.0	0.0	0.0	13.7	0.5	32110.61	2.73	na	3.47	na	Hobel	2.0	
1.0	0.0	85030.17	3.17	1.29	4.83	1.04	1.19	4.0	0.0	0.0	7.71	0.5	79610.14	6.0	0.0	3.56	1.79	Keks	1.0	
1.0	0.0	na	1.19	na	4.81	na	na	11.0	0.0	0.0	na	0.0	na	5.13	na	5.0	na	Regenschirm	na	
1.0	0.0	105757.37	2.27	na	4.8	na	3.68	3.0	0.0	0.0	10.7	0.2	105527.13	3.27	na	4.4	na	Axt	1.0	
1.0	0.0	108306.59	2.89	1.32	4.78	1.0	30.31	4.0	0.0	0.0	21.4	0.5	104493.43	5.72	0.83	4.56	1.25	Boot	1.0	
1.0	0.0	62703.96	2.83	1.47	4.78	1.52	3.25	7.0	0.0	0.0	3.42	0.5	33851.74	5.44	1.04	4.06	1.59	Knüppel	2.0	
1.0	0.0	190127.4	4.06	1.43	4.78	0.94	87.83	6.0	0.0	0.0	5.99	1.0	54750.3	5.78	0.55	4.72	1.07	Schiff	1.0	
1.0	0.0	na	3.57	1.47	4.77	1.07	na	7.0	0.0	0.0	na	0.8	na	5.0	1.38	3.75	1.55	Trolley	na	
1.0	0.0	106189.03	3.0	1.2	4.75	1.61	1.01	6.0	0.0	0.0	1.28	0.5	87078.77	4.63	1.31	4.31	1.45	Amboss	2.0	
1.0	0.0	123667.39	5.06	1.34	4.75	1.61	3.34	5.0	0.0	0.0	5.57	1.0	21145.36	5.88	0.34	4.25	1.95	Video	3.0	
1.0	0.0	na	3.22	1.51	4.74	1.32	na	6.0	0.0	0.0	na	na	na	5.71	0.56	4.05	1.6	Kreide	na	
1.0	0.0	na	2.61	1.41	4.74	1.48	na	8.0	0.0	0.0	na	na	na	5.1	1.18	3.67	1.85	Spachtel	na	
1.0	0.0	na	2.33	na	4.73	na	na	9.0	0.0	0.0	na	0.0	na	4.53	na	4.67	na	Gießkanne	na	
1.0	0.0	179613.83	1.28	0.75	4.72	1.07	14.34	5.0	0.0	0.0	11.99	0.0	139841.63	5.44	1.04	4.83	1.5	Altar	2.0	
1.0	0.0	109178.75	5.19	1.11	4.69	1.54	0.81	3.0	0.0	0.0	29.97	1.0	94610.79	5.25	1.48	4.19	1.38	Jet	1.0	
1.0	0.0	na	5.63	na	4.69	na	na	10.0	0.0	0.0	na	1.0	na	3.5	na	3.63	na	Kettensäge	na	
1.0	0.0	350522.49	5.0	0.97	4.69	1.7	20.82	6.0	0.0	0.0	11.13	1.0	210888.3	5.25	1.44	4.94	1.39	Panzer	2.0	
1.0	0.0	151662.23	4.52	1.33	4.68	1.53	10.4	3.0	0.0	0.0	47.52	1.0	136292.22	5.76	0.54	3.11	1.49	Bar	1.0	
1.0	0.0	474098.53	5.28	1.02	4.67	1.19	12.16	7.0	0.0	0.0	6.42	1.0	223273.74	5.67	0.77	4.28	1.23	Flieger	2.0	
1.0	0.0	103356.84	4.72	1.27	4.67	1.46	15.12	4.0	0.0	0.0	23.12	1.0	22475.32	5.94	0.24	4.22	1.44	Kino	2.0	
1.0	0.0	na	2.52	1.24	4.65	1.11	na	10.0	0.0	0.0	na	na	na	5.24	1.04	4.62	1.36	Limousine 	na	
1.0	0.0	432698.89	4.61	1.14	4.65	1.58	7.15	6.0	0.0	0.0	14.55	1.0	234816.34	5.5	1.2	4.12	1.36	Laster	2.0	
1.0	0.0	288657.54	3.0	0.97	4.61	1.33	1.5	8.0	0.0	0.0	1.71	0.5	187128.76	5.67	0.69	4.22	1.35	Jalousie	4.0	
1.0	0.0	274699.63	3.39	1.65	4.61	1.54	2.67	4.0	0.0	0.0	27.4	0.5	221893.28	5.5	0.92	4.72	1.27	Kran	1.0	
1.0	0.0	na	2.22	1.48	4.61	1.44	na	6.0	0.0	0.0	na	0.5	na	4.19	1.63	3.29	1.74	Spatel	na	
1.0	0.0	262384.38	1.58	0.9	4.6	1.17	0.34	6.0	0.0	0.0	0.43	0.0	154601.36	3.11	1.88	3.8	1.48	Kladde	2.0	
1.0	0.0	190167.47	3.48	1.66	4.58	1.5	9.25	5.0	0.0	0.0	10.27	0.5	154263.24	5.05	1.36	5.05	1.35	Mühle	2.0	
1.0	0.0	337043.55	4.5	1.21	4.56	1.59	172.76	6.0	0.0	0.0	7.71	1.0	191066.27	5.81	0.54	4.88	1.45	Kirche	2.0	
1.0	0.0	89044.64	2.28	1.32	4.56	1.46	7.37	6.0	0.0	0.0	8.13	0.2	35642.45	5.61	0.92	4.83	1.15	Fackel	2.0	
1.0	0.0	na	1.14	0.48	4.5	1.28	na	7.0	0.0	0.0	na	0.0	na	4.33	1.91	3.78	1.31	Blouson	na	
1.0	0.0	612122.87	2.44	1.34	4.5	1.1	117.93	7.0	0.0	0.0	5.99	0.2	247004.23	6.0	0.0	4.94	1.21	Fenster	2.0	
1.0	0.0	455084.23	2.25	1.18	4.5	1.75	14.89	7.0	0.0	0.0	10.7	0.2	147704.29	5.19	1.56	5.13	1.31	Schwert	1.0	
1.0	0.0	15838.17	5.31	0.95	4.5	1.63	0.72	3.0	0.0	0.0	28.68	1.0	14949.32	5.56	1.21	4.75	1.44	Lok	1.0	
1.0	0.0	na	2.35	1.15	4.48	1.41	na	6.0	0.0	0.0	na	0.5	na	5.9	0.3	3.86	1.77	Papier	na	
1.0	0.0	na	1.93	na	4.47	na	na	3.0	0.0	0.0	na	0.0	na	2.79	na	3.67	na	Bob	na	
1.0	0.0	na	5.8	na	4.4	na	na	12.0	0.0	0.0	na	1.0	na	4.13	na	3.5	na	Bohrmaschine	na	
1.0	0.0	na	4.74	1.39	4.39	1.23	na	7.0	0.0	0.0	na	1.0	na	5.29	1.23	3.9	1.45	Kapelle	na	
1.0	0.0	na	5.69	na	4.38	na	na	13.0	0.0	0.0	na	1.0	na	3.5	na	2.56	na	Trillerpfeife	na	
1.0	0.0	184028.4	2.76	1.48	4.37	1.42	3.66	5.0	0.0	0.0	11.56	0.5	148964.4	4.43	1.66	4.26	1.28	Walze	2.0	
1.0	0.0	157966.62	3.57	1.43	4.37	1.34	3.6	5.0	0.0	0.0	8.99	0.8	143014.42	5.19	1.25	3.11	1.2	Pumpe	2.0	
1.0	0.0	na	3.52	1.31	4.35	1.34	na	5.0	0.0	0.0	na	0.8	na	5.76	0.62	4.48	1.54	Kamin	na	
1.0	0.0	na	3.09	1.08	4.35	1.23	na	6.0	0.0	0.0	na	na	na	5.81	0.4	3.43	1.75	Aufzug	na	
1.0	0.0	509596.12	2.73	na	4.33	na	61.48	6.0	0.0	1.0	19.69	0.5	372333.43	5.2	na	4.8	na	Garten	2.0	
1.0	0.0	33574.66	2.67	1.4	4.33	1.95	0.83	4.0	0.0	0.0	18.84	0.5	19045.37	4.88	1.54	4.07	1.83	Puck	1.0	
1.0	0.0	289703.19	4.11	1.96	4.33	1.94	0.41	8.0	0.0	0.0	1.28	1.0	179782.02	3.13	2.19	5.0	1.5	Korvette	3.0	
1.0	0.0	na	2.3	1.22	4.26	1.01	na	9.0	0.0	0.0	na	0.5	na	5.1	1.26	4.38	1.47	Karabiner	na	
1.0	0.0	206018.74	3.91	1.35	4.22	1.41	2.15	5.0	0.0	0.0	8.13	1.0	158395.27	5.38	0.86	3.57	1.43	Fähre	2.0	
1.0	0.0	267464.04	4.3	1.57	4.2	1.69	0.18	9.0	0.0	0.0	0.0	1.0	223045.54	3.0	2.03	2.3	1.57	Vibraphon	3.0	
1.0	0.0	na	2.87	1.22	4.17	1.56	na	4.0	0.0	0.0	na	na	na	5.76	0.44	3.86	1.77	Tüte	na	
1.0	0.0	132012.55	2.69	1.7	4.13	1.71	9.09	5.0	0.0	0.0	4.71	0.5	30646.66	5.5	0.89	4.56	1.67	Pfeil	1.0	
1.0	0.0	560875.57	4.38	1.31	4.06	1.61	1.48	8.0	0.0	0.0	2.14	1.0	268559.75	5.31	0.95	3.75	1.29	Frachter	2.0	
1.0	0.0	226635.8	3.0	1.64	3.89	1.45	5.16	4.0	0.0	0.0	22.69	0.5	213113.05	5.06	1.35	3.72	1.56	Kahn	1.0	
0.8	0.0	na	1.04	0.21	3.83	1.47	na	7.0	0.0	0.0	na	0.0	na	5.43	0.98	3.86	2.06	Grafik 	na	
0.8	0.0	na	1.0	na	3.8	na	na	8.0	1.0	1.0	na	0.0	na	2.33	na	3.2	na	Setzling	na	
0.8	0.0	na	1.22	0.52	3.78	1.44	na	5.0	0.0	0.0	na	0.0	na	5.43	1.03	3.52	1.75	Matte	na	
1.0	0.0	na	1.22	0.52	3.78	1.48	na	4.0	0.0	0.0	na	0.0	na	5.86	0.36	2.9	1.95	Akku	na	
0.8	0.0	na	1.04	0.21	3.74	1.66	na	7.0	0.0	0.0	na	0.0	na	4.86	1.42	3.71	2.12	Bildnis	na	
0.8	0.0	na	1.13	0.34	3.74	1.57	na	6.0	0.0	0.0	na	0.0	na	5.67	0.66	4.43	1.57	Poster	na	
0.8	0.0	na	2.39	1.23	3.7	1.64	na	7.0	0.0	0.0	na	0.5	na	5.52	0.87	4.05	1.6	Brunnen	na	
0.8	0.0	272147.56	2.25	1.24	3.69	1.35	0.92	7.0	0.0	1.0	3.42	0.2	179558.64	6.0	0.0	4.75	1.73	Karotte	3.0	
0.8	0.0	100351.28	5.13	1.09	3.69	1.85	0.07	6.0	0.0	0.0	9.42	1.0	47036.76	4.5	1.67	2.2	1.42	Bimmel	2.0	
0.8	0.0	129166.14	2.07	na	3.67	na	0.68	9.0	0.0	1.0	0.0	0.2	83934.87	4.07	na	4.73	na	Kokosnuss	3.0	
0.8	0.0	na	1.7	1.06	3.65	1.34	na	6.0	0.0	0.0	na	0.0	na	5.71	0.78	4.76	1.55	Brücke	na	
0.8	0.0	252286.87	4.35	na	3.65	na	14.22	6.0	0.0	0.0	5.57	1.0	145751.99	3.93	na	3.6	na	Pfeife	2.0	
0.8	0.0	na	3.61	1.37	3.61	1.56	na	8.0	0.0	0.0	na	0.8	na	5.38	1.02	4.43	1.21	Roboter 	na	
0.8	0.0	193908.41	5.8	na	3.6	na	0.67	9.0	0.0	0.0	1.71	1.0	31727.69	4.81	1.54	3.8	na	Dudelsack	3.0	
0.8	0.0	265409.65	5.6	na	3.6	na	0.47	8.0	0.0	0.0	0.86	1.0	228408.89	3.4	na	4.07	na	Megaphon	3.0	
0.5	0.0	na	1.13	0.34	3.57	1.62	na	7.0	0.0	0.0	na	0.0	na	5.52	0.81	4.14	1.85	Leuchte	na	
0.8	0.0	306499.06	4.0	1.61	3.56	1.29	11.03	10.0	0.0	0.0	3.42	1.0	158739.97	5.44	1.04	4.94	1.26	Kathedrale	4.0	
0.8	0.0	262828.82	5.4	na	3.55	na	4.67	7.0	0.0	0.0	4.71	1.0	55553.54	5.07	na	2.8	na	Klingel	2.0	
0.5	0.0	231966.13	1.2	na	3.53	na	1.01	5.0	1.0	1.0	8.13	0.0	155069.16	4.1	1.7	3.93	na	Liane	3.0	
0.8	0.0	414863.34	1.2	na	3.53	na	12.99	8.0	0.0	1.0	3.0	0.0	181485.63	3.93	na	3.93	na	Getreide	3.0	
1.0	0.0	219140.03	1.07	na	3.53	na	0.51	5.0	0.0	1.0	15.84	0.0	101429.71	4.27	na	4.07	na	Lauch	1.0	
0.8	0.0	na	4.67	na	3.53	na	na	9.0	0.0	0.0	na	1.0	na	3.93	na	4.6	na	Eisenbahn	na	
0.8	0.0	104995.56	1.56	0.86	3.5	1.76	2.76	5.0	0.0	0.0	5.99	0.0	37798.86	5.33	1.33	3.17	1.54	Kübel	2.0	
1.0	0.0	67317.96	1.06	na	3.5	na	2.88	5.0	0.0	0.0	5.99	0.0	58780.94	5.19	na	4.31	na	Album	2.0	
0.8	0.0	155418.45	5.39	0.92	3.5	1.38	23.96	5.0	0.0	0.0	8.13	1.0	131979.43	5.56	0.98	2.83	1.54	Motor	2.0	
0.5	0.0	na	1.87	1.06	3.48	1.68	na	5.0	0.0	0.0	na	0.0	na	5.76	0.54	3.62	1.8	Brett	na	
0.5	0.0	na	1.61	0.78	3.48	1.56	na	7.0	0.0	0.0	na	0.0	na	4.95	1.16	2.9	1.76	Riemen 	na	
0.5	0.0	316370.75	2.65	1.32	3.47	1.7	0.9	8.0	0.0	0.0	1.28	0.5	182926.03	3.78	1.4	3.89	1.23	Fregatte	3.0	
0.5	0.0	83888.73	1.0	na	3.47	na	0.02	8.0	0.0	1.0	0.43	0.0	29588.44	4.0	na	4.13	na	Broccoli	3.0	
0.5	0.0	690208.9	1.0	na	3.47	na	6.29	8.0	0.0	0.0	5.14	0.0	287636.45	4.8	na	4.53	na	Kalender	3.0	
0.5	0.0	223599.84	1.0	na	3.47	na	0.02	6.0	0.0	1.0	5.14	0.0	156420.52	3.67	na	4.0	na	Limone	3.0	
0.5	0.0	179844.18	1.0	na	3.47	na	7.55	6.0	0.0	0.0	7.71	0.0	62209.06	3.4	na	4.27	na	Sattel	2.0	
0.5	0.0	260057.54	1.0	na	3.47	na	0.01	8.0	0.0	1.0	1.71	0.0	25903.56	4.53	na	4.33	na	Zucchini	3.0	
0.5	0.0	na	1.48	0.59	3.43	1.59	na	7.0	0.0	0.0	na	0.0	na	5.76	0.54	4.29	1.55	Teppich	na	
0.5	0.0	na	1.07	na	3.4	na	na	10.0	0.0	1.0	na	0.0	na	4.0	na	4.0	na	Blumenkohl	na	
0.5	0.0	224250.7	1.0	na	3.4	na	2.62	6.0	0.0	1.0	3.85	0.0	121558.41	3.93	na	4.07	na	Spinat	2.0	
0.5	0.0	na	5.33	na	3.4	na	na	7.0	0.0	0.0	na	1.0	na	1.93	na	4.6	na	Alphorn	na	
0.5	0.0	na	5.87	na	3.4	na	na	4.0	0.0	1.0	na	1.0	na	4.33	na	1.0	na	Echo	na	
0.5	0.0	na	1.13	0.34	3.39	1.44	na	8.0	0.0	0.0	na	0.0	na	5.71	0.56	3.52	1.97	Batterie	na	
0.5	0.0	82731.07	1.25	0.45	3.38	1.26	0.17	8.0	0.0	1.0	0.0	0.0	29319.2	5.75	1.0	4.56	1.67	Brokkoli	3.0	
0.5	0.0	159142.6	1.06	na	3.38	na	20.42	5.0	0.0	0.0	11.56	0.0	143694.72	4.5	na	3.75	na	Lampe	2.0	
0.5	0.0	na	1.64	na	3.36	na	na	7.0	0.0	0.0	na	0.0	na	1.87	na	4.43	na	Rikscha	na	
0.5	0.0	na	1.13	0.34	3.35	1.58	na	5.0	0.0	1.0	na	0.0	na	5.62	0.67	4.52	1.83	Erbse	na	
0.5	0.0	247043.35	1.07	na	3.33	na	2.0	9.0	0.0	1.0	1.28	0.0	106672.42	5.0	na	3.87	na	Knoblauch	2.0	
0.5	0.0	na	1.0	na	3.33	na	na	10.0	0.0	1.0	na	0.0	na	4.07	na	3.4	na	Muskatnuss	na	
0.5	0.0	24363.53	1.0	na	3.33	na	0.1	6.0	0.0	1.0	1.28	0.0	19765.53	3.13	na	4.07	na	Papaya	3.0	
0.5	0.0	564551.68	1.0	na	3.33	na	3.65	10.0	0.0	1.0	0.86	0.0	223812.0	4.67	na	4.0	na	Petersilie	4.0	
0.5	0.0	113609.56	1.0	na	3.33	na	3.96	4.0	0.0	0.0	17.12	0.0	101585.96	3.47	na	3.4	na	Pult	1.0	
0.5	0.0	na	1.0	na	3.33	na	na	9.0	0.0	1.0	na	0.0	na	4.0	na	4.0	na	Steinpilz	na	
0.5	0.0	54530.25	1.13	0.34	3.31	1.62	17.03	4.0	0.0	0.0	23.54	0.0	36808.54	5.81	0.54	3.31	1.82	Sack	1.0	
0.5	0.0	132018.75	1.11	0.32	3.28	1.45	1.39	6.0	0.0	1.0	0.0	0.0	84424.01	5.78	0.55	4.94	1.35	Kürbis	2.0	
na	0.0	na	3.09	1.54	3.27	1.75	na	9.0	0.0	0.0	na	na	na	4.62	1.24	2.3	1.38	Generator	na	
0.5	0.0	346445.96	1.0	na	3.27	na	0.61	6.0	0.0	1.0	3.0	0.0	208300.38	3.0	na	3.4	na	Ingwer	2.0	
0.5	0.0	181652.45	1.07	na	3.27	na	3.27	8.0	0.0	0.0	0.0	0.0	77021.48	4.53	na	3.53	na	Quittung	2.0	
0.5	0.0	na	1.13	na	3.27	na	na	10.0	0.0	0.0	na	0.0	na	3.67	na	4.47	na	Rosenkranz	na	
0.5	0.0	228923.84	1.0	na	3.27	na	41.43	7.0	0.0	0.0	6.85	0.0	60413.3	5.47	na	5.33	na	Spiegel	2.0	
0.5	0.0	na	1.74	0.92	3.26	1.68	na	6.0	0.0	0.0	na	0.0	na	5.76	0.54	4.0	1.55	Fliese	na	
0.5	0.0	na	1.65	0.93	3.26	1.48	na	9.0	0.0	0.0	na	0.0	na	5.19	1.17	4.0	1.26	Terrarium	na	
na	0.0	na	2.7	1.33	3.26	1.71	na	5.0	0.0	1.0	na	na	na	5.57	0.93	5.0	1.38	Möhre	na	
0.5	0.0	na	1.52	0.85	3.22	1.54	na	4.0	0.0	0.0	na	0.0	na	5.67	0.58	5.1	1.22	Burg	na	
0.5	0.0	na	1.52	0.79	3.22	1.2	na	4.0	0.0	0.0	na	0.0	na	5.71	0.64	4.43	1.54	Vase	na	
na	0.0	na	2.57	1.24	3.22	1.24	na	7.0	0.0	0.0	na	0.5	na	5.71	0.72	4.0	1.38	Parkett	na	
na	0.0	na	3.3	1.66	3.22	1.51	na	3.0	0.0	0.0	na	na	na	5.24	1.0	4.86	1.11	Dom	na	
0.5	0.0	185446.63	1.0	na	3.2	na	0.27	10.0	0.0	1.0	0.86	0.0	118963.73	4.2	na	4.0	na	Grapefruit	4.0	
0.5	0.0	106654.79	1.0	na	3.2	na	41.24	3.0	0.0	0.0	39.38	0.0	98472.6	4.0	na	4.93	na	Hut	1.0	
0.5	0.0	na	1.13	na	3.2	na	na	9.0	0.0	0.0	na	0.0	na	4.73	na	4.53	na	Reisepass	na	
0.5	0.0	321785.19	1.63	0.96	3.19	1.76	11.48	6.0	0.0	0.0	8.13	0.0	194521.66	5.63	0.89	3.5	1.71	Stange	2.0	
0.5	0.0	104141.3	1.89	0.9	3.17	1.2	1.92	8.0	0.0	0.0	1.71	0.0	59689.01	5.61	0.98	4.67	1.57	Aquarium	4.0	
na	0.0	na	2.53	1.43	3.16	1.3	na	5.0	0.0	0.0	na	0.5	na	3.24	1.89	2.4	1.24	Trafo	na	
0.5	0.0	na	1.35	0.78	3.13	1.49	na	9.0	0.0	1.0	na	0.0	na	5.71	0.72	4.43	1.33	Nektarine	na	
na	0.0	na	3.09	1.68	3.13	1.71	na	5.0	0.0	0.0	na	na	na	5.38	0.86	3.57	1.57	Wagon	na	
0.5	0.0	217978.05	1.44	0.81	3.13	1.31	2.44	7.0	0.0	1.0	2.14	0.0	148211.66	5.94	0.25	4.56	1.36	Pflaume	2.0	
0.5	0.0	180212.64	5.81	na	3.13	na	15.75	6.0	0.0	0.0	6.85	1.0	152147.64	3.81	na	4.0	na	Glocke	2.0	
0.5	0.0	144150.89	2.28	1.13	3.11	1.71	10.69	4.0	0.0	0.0	19.69	0.2	126016.67	5.56	1.04	4.28	1.84	Rohr	1.0	
0.5	0.0	na	1.14	0.36	3.1	1.55	na	9.0	0.0	0.0	na	0.0	na	4.29	1.55	3.3	1.59	Barometer	na	
0.5	0.0	54697.68	1.0	na	3.07	na	0.01	7.0	0.0	1.0	0.0	0.0	27058.11	3.33	na	3.8	na	Avocado	4.0	
0.5	0.0	272827.05	1.0	na	3.07	na	9.35	6.0	0.0	0.0	5.99	0.0	229757.45	4.93	na	3.93	na	Balkon	2.0	
0.5	0.0	461269.93	1.07	na	3.07	na	7.86	7.0	0.0	0.0	3.85	0.0	183364.31	4.27	na	4.4	na	Laterne	3.0	
0.5	0.0	na	1.0	na	3.07	na	na	5.0	0.0	1.0	na	0.0	na	3.8	na	3.53	na	Linse	na	
0.5	0.0	na	1.0	na	3.07	na	na	8.0	1.0	1.0	na	0.0	na	4.2	na	4.4	na	Weinrebe	na	
0.5	0.0	416366.21	1.19	0.54	3.06	1.48	99.83	6.0	0.0	0.0	12.41	0.0	345141.48	5.63	0.81	3.5	1.75	Rahmen	2.0	
0.5	0.0	124129.97	1.94	1.21	3.06	1.35	19.42	5.0	0.0	0.0	10.27	0.0	37856.31	5.78	0.55	4.17	2.12	Kugel	2.0	
0.5	0.0	na	2.36	1.33	3.05	1.46	na	13.0	0.0	0.0	na	0.5	na	3.9	1.58	2.37	1.38	Transformator	na	
0.5	0.0	426024.24	1.0	na	3.0	na	1.0	11.0	0.0	1.0	0.43	0.0	212665.42	3.8	na	4.47	na	Artischocke	4.0	
0.5	0.0	147232.43	1.83	0.86	3.0	1.64	93.25	5.0	1.0	1.0	11.99	0.0	109903.08	6.0	0.0	3.72	1.96	Blatt	1.0	
0.5	0.0	na	1.59	0.91	3.0	1.54	na	4.0	0.0	0.0	na	0.0	na	4.9	1.41	3.24	1.64	Keil	na	
0.5	0.0	472172.21	1.0	na	3.0	na	11.87	6.0	0.0	0.0	14.55	0.0	358598.76	4.5	na	4.5	na	Kissen	2.0	
0.5	0.0	82225.47	1.25	0.58	3.0	1.37	0.01	8.0	0.0	1.0	0.0	0.0	30825.81	5.25	1.18	3.63	1.59	Maracuja	4.0	
0.5	0.0	328798.82	1.25	0.58	3.0	1.67	1.54	7.0	0.0	0.0	1.28	0.0	181181.28	5.31	1.14	4.0	1.59	Vitrine	3.0	
0.5	0.0	105345.27	1.0	na	3.0	na	1.89	4.0	0.0	1.0	6.42	0.0	94126.11	4.8	na	3.2	na	Zimt	1.0	
0.5	0.0	58539.92	2.11	1.08	3.0	1.19	29.68	5.0	0.0	1.0	12.84	0.2	42112.26	5.94	0.24	3.44	1.98	Stock	1.0	
0.5	0.0	462332.24	5.2	na	3.0	na	0.2	11.0	0.0	0.0	1.71	1.0	224578.75	3.33	na	2.0	na	Synthesizer	3.0	
0.5	0.0	na	1.0	0.0	2.96	1.55	na	5.0	0.0	0.0	na	0.0	na	5.57	1.08	4.81	1.5	Kreuz	na	
0.5	0.0	27303.93	1.06	0.24	2.94	1.47	12.41	4.0	1.0	1.0	13.27	0.0	15394.25	5.72	0.67	4.17	1.76	Pilz	1.0	
0.5	0.0	47606.72	1.06	0.25	2.94	1.61	4.19	5.0	0.0	0.0	5.99	0.0	28632.34	5.63	0.81	3.25	1.53	Pfahl	1.0	
0.5	0.0	504995.54	1.07	na	2.93	na	7.09	9.0	0.0	0.0	2.14	0.0	203466.02	3.87	na	3.4	na	Garderobe	4.0	
0.5	0.0	130507.53	1.0	na	2.93	na	0.38	5.0	0.0	1.0	3.0	0.0	67017.14	3.73	na	3.33	na	Sesam	2.0	
0.5	0.0	403318.18	1.2	na	2.93	na	9.77	8.0	0.0	0.0	1.71	0.0	162291.31	4.93	na	3.93	na	Terrasse	3.0	
0.5	0.0	na	1.35	0.65	2.91	1.78	na	5.0	0.0	1.0	na	0.0	na	5.29	1.15	3.67	2.01	Feige	na	
0.5	0.0	159625.42	1.31	0.79	2.88	2.06	78.0	4.0	0.0	0.0	23.12	0.0	98480.03	5.69	1.25	3.19	2.01	Wand	1.0	
0.5	0.0	63028.58	5.25	na	2.88	na	28.89	5.0	0.0	0.0	8.56	1.0	17887.76	4.13	na	2.81	na	Radio	3.0	
0.2	0.0	na	1.27	na	2.87	na	na	10.0	0.0	0.0	na	0.0	na	4.13	na	3.67	na	Lattenrost	na	
0.5	0.0	91694.47	1.19	0.4	2.81	1.52	9.68	5.0	0.0	0.0	8.99	0.0	28774.43	5.25	1.18	4.06	1.65	Kranz	1.0	
0.5	0.0	136259.88	1.06	na	2.81	na	12.5	4.0	0.0	0.0	17.12	0.0	102359.26	4.13	na	5.0	na	Zelt	1.0	
0.5	0.0	na	3.04	1.22	2.78	1.35	na	6.0	0.0	1.0	na	na	na	5.81	0.51	4.33	1.24	Strand	na	
0.5	0.0	na	1.52	0.85	2.74	1.45	na	6.0	0.0	1.0	na	0.0	na	5.57	0.81	3.67	1.49	Mandel	na	
0.5	0.0	495828.08	1.2	na	2.73	na	167.88	5.0	0.0	1.0	26.54	0.0	371668.94	5.33	na	2.4	na	Boden	2.0	
0.5	0.0	160281.23	1.06	na	2.69	na	11.89	5.0	0.0	0.0	5.99	0.0	120272.65	3.31	na	3.69	na	Draht	1.0	
0.5	0.0	205738.53	1.0	na	2.67	na	6.27	5.0	0.0	1.0	14.55	0.0	166923.06	3.93	na	3.8	na	Bohne	2.0	
0.5	0.0	na	1.74	1.05	2.65	1.5	na	5.0	0.0	0.0	na	0.0	na	5.05	1.12	3.38	1.69	Gully	na	
0.5	0.0	664375.72	1.15	na	2.65	na	46.23	8.0	0.0	1.0	7.71	0.0	405775.48	5.07	na	3.45	na	Schatten	2.0	
0.5	0.0	na	1.96	1.19	2.61	1.56	na	7.0	0.0	1.0	na	0.0	na	5.48	0.81	4.81	1.57	Skelett	na	
0.5	0.0	na	1.3	0.56	2.61	1.56	na	4.0	0.0	0.0	na	0.0	na	5.57	0.93	4.76	1.14	Turm	na	
0.2	0.0	na	1.0	na	2.6	na	na	5.0	0.0	0.0	na	0.0	na	5.33	na	3.53	na	Beleg	na	
0.2	0.0	na	1.0	na	2.6	na	na	11.0	1.0	1.0	na	0.0	na	2.67	na	4.2	na	Kaktusfeige	na	
0.5	0.0	71552.92	1.0	na	2.6	na	1.25	4.0	0.0	1.0	18.84	0.0	44204.64	3.53	na	3.47	na	Dill	1.0	
0.5	0.0	223457.73	3.67	na	2.6	na	0.96	9.0	0.0	1.0	0.0	0.8	122023.61	3.27	na	1.27	na	Stimmband	2.0	
0.5	0.0	na	1.09	0.29	2.57	0.99	na	4.0	1.0	1.0	na	0.0	na	5.71	0.56	5.1	1.37	Rose	na	
0.5	0.0	469991.76	1.75	1.0	2.56	1.5	66.14	5.0	0.0	1.0	16.7	0.0	295746.98	5.75	0.77	3.81	1.56	Stein	1.0	
0.5	0.0	207988.28	1.0	na	2.5	na	8.01	6.0	0.0	0.0	5.57	0.0	170068.56	3.6	na	4.05	na	Statue	3.0	
0.2	0.0	416931.13	3.6	na	2.47	na	1.27	10.0	0.0	0.0	1.28	0.8	142703.93	4.73	na	4.13	na	Ventilator	4.0	
0.2	0.0	297101.86	1.07	na	2.4	na	1.32	6.0	0.0	0.0	3.85	0.0	129011.95	3.4	na	3.27	na	Podest	2.0	
0.2	0.0	156861.47	2.0	1.14	2.39	1.04	27.51	5.0	1.0	1.0	6.85	0.0	46776.28	5.78	0.55	3.94	1.86	Zweig	1.0	
0.2	0.0	na	3.39	1.47	2.13	1.22	na	6.0	0.0	1.0	na	na	na	5.38	0.92	2.9	1.22	Quelle	na	
0.0	0.0	na	2.53	1.26	1.95	0.85	na	7.0	0.0	1.0	na	0.5	na	4.24	2.12	3.13	1.82	Matsche	na	
0.0	0.0	90440.67	2.56	1.5	1.94	1.06	74.56	4.0	1.0	1.0	23.54	0.0	57756.33	5.81	0.54	5.06	1.29	Baum	1.0	
0.0	0.0	na	1.0	na	1.93	na	na	10.0	0.0	0.0	na	0.0	na	4.0	na	3.6	na	Dachziegel	na	
0.0	0.0	na	5.2	na	1.87	na	na	8.0	0.0	1.0	na	1.0	na	5.07	na	3.67	na	Gewitter	na	
0.0	0.0	na	1.53	na	1.87	na	na	9.0	0.0	0.0	na	0.0	na	3.87	na	3.53	na	Dachrinne	na	
0.0	0.0	na	1.13	na	1.87	na	na	12.0	0.0	1.0	na	0.0	na	4.4	na	4.47	na	Tannenzapfen	na	
0.0	0.0	na	1.0	na	1.8	na	na	9.0	0.0	0.0	na	0.0	na	4.33	na	4.93	na	Grabstein	na	
0.0	0.0	na	1.47	na	1.8	na	na	12.0	0.0	0.0	na	0.0	na	3.27	na	5.07	na	Kronleuchter	na	
0.0	0.0	na	1.07	na	1.8	na	na	11.0	0.0	0.0	na	0.0	na	3.53	na	4.87	na	Litfaßsäule	na	
0.0	0.0	na	1.27	na	1.73	na	na	12.0	0.0	0.0	na	0.0	na	3.8	na	4.33	na	Straßenlampe	na	
0.0	0.0	na	1.0	na	1.47	na	na	7.0	1.0	1.0	na	0.0	na	3.6	na	5.13	na	Seerose	na	
0.0	0.0	na	2.62	1.43	1.45	0.69	na	7.0	0.0	1.0	na	na	na	4.1	1.79	3.16	1.57	Rinnsal	na	
0.0	0.0	93884.86	3.13	2.03	1.44	0.73	14.19	5.0	0.0	1.0	7.71	0.5	28177.4	5.5	1.21	5.25	1.13	Blitz	1.0	
0.0	0.0	na	1.0	na	1.4	na	na	13.0	0.0	0.0	na	0.0	na	5.47	na	4.87	na	Nummernschild	na	
0.0	0.0	na	3.5	na	1.38	na	na	9.0	0.0	0.0	na	0.5	na	3.06	na	4.75	na	Windspiel	na	
0.0	0.0	na	1.0	na	1.33	na	na	9.0	0.0	0.0	na	0.0	na	4.79	na	3.67	na	Türrahmen	na	
0.0	0.0	na	5.87	na	1.33	na	na	6.0	0.0	1.0	na	1.0	na	5.13	na	1.0	na	Donner	na	
1.0	0.0	290928.11	1.48	0.95	4.52	1.16	0.07	5.0	0.0	0.0	2.57	0.0	204613.56	5.62	0.86	4.33	1.65	Flyer	2.0	
1.0	0.0	392083.7	1.61	0.84	4.78	1.28	21.16	10.0	0.0	0.0	5.99	0.0	216709.6	5.71	0.56	4.76	1.45	Hamburger	3.0	
1.0	0.0	411236.21	1.3	0.76	5.13	1.1	22.76	10.0	0.0	0.0	1.28	0.0	134172.6	5.81	0.51	4.48	1.5	Zeichnung	2.0	
0.0	1.0	146178.09	1.61	0.72	1.39	0.66	0.23	6.0	1.0	1.0	11.56	0.0	31912.39	5.43	1.08	5.43	0.87	Panda	2.0	
1.0	0.0	159120.82	1.78	0.74	4.65	1.27	2.92	6.0	0.0	0.0	6.85	0.0	108321.09	5.86	0.36	4.1	1.64	Toast	1.0	
