('action_bottom', 'auditory_top')	('action_top', 'auditory_top')	('action_bottom', 'auditory_bottom')	('action_top', 'auditory_bottom')	average_similarity	average_std
Weißwurst	Brezel	Zitrone	Kartoffel	0.8761343526544634	0.02722243006181503	
Weißwurst	Pausenbrot	Apfelsine	Salatgurke	0.8734245997464171	0.038338385842218534	
Weißwurst	Pausenbrot	Grapefruit	Salatgurke	0.8670561279295893	0.03932440477852579	
Weißwurst	Espresso	Limonade	Kartoffel	0.8642530723545433	0.01899913715262349	
Weißwurst	Pausenbrot	Grapefruit	Salatgurke	0.8637294409879083	0.04619521990542496	
Weißwurst	Pausenbrot	Limonade	Salatgurke	0.8475900159625391	0.01352663793216313	
Weißwurst	Pausenbrot	Zitrone	Salatgurke	0.8441928649663595	0.03699077723132506	
Weißwurst	Lebkuchen	Erdbeere	Kartoffel	0.8438216576829728	0.03138063505190065	
Weißwurst	Brezel	Zitrone	Gelee	0.8307855370373196	0.01497261233921629	
Weißwurst	Lebkuchen	Apfelsine	Zubereiten	0.8290461121510652	0.05251273222982336	
Weißwurst	Espresso	Limonade	Zubereiten	0.8191988870571287	0.03663211736424133	
Weißwurst	Espresso	Champagner	Kartoffel	0.8163964340232178	0.019327572250783083	
Weißwurst	Pausenbrot	Spirituose	Zahnpaste	0.8119213251506457	0.015853417142589473	
Weißwurst	Lebkuchen	Zitrone	Kartoffel	0.810795480355544	0.062051075177546176	
Weißwurst	Pausenbrot	Basilikum	Kartoffel	0.8062955631135053	0.027570109658312032	
Weißwurst	Brezel	Limonade	Gelee	0.8039618337522071	0.07295061773527295	
Weißwurst	Brezel	Melone	Gurke	0.8015046503617321	0.07466469559731785	
Weißwurst	Fritte	Minze	Gelee	0.7988765350247359	0.04579461634032115	
Taxi	Zug	Fluß	Arm	0.7943016831026389	0.05905188676896068	
Taxi	Zug	Fluß	Arm	0.7924763939425841	0.05824038684379355	
Weißwurst	Konditor	Limonade	Zubereiten	0.7902574078931806	0.05537902268347563	
Weißwurst	Brezel	Melone	Gurke	0.7883640217139143	0.07314192464234116	
Weißwurst	Lebkuchen	Limonade	Zubereiten	0.7821019162683812	0.10065094381942138	
Weißwurst	Pausenbrot	Aprikose	Kartoffel	0.781638165927269	0.03590969429534647	
Vogel	Puppe	Brille	Shirt	0.7800570610404932	0.052343644887757064	
Taxi	Auto	Fluß	Wand	0.775477005742785	0.005558251875600025	
Wald	Frau	Erde	Körper	0.7701775455154686	0.013239274691382062	
Weißwurst	Eßlöffel	Zitrone	Teelöffel	0.7663625515942384	0.10592725075538657	
Hof	Zug	Brust	Arm	0.7648614460717109	0.11896018442205956	
Wald	Kind	Erde	Eisen	0.7618769450622702	0.05732838028670383	
Weißwurst	Lebkuchen	Apfelsine	Teigtasche	0.7578618326733881	0.08470882974506219	
Schluck	Espresso	Eiweiß	Obst	0.7566000096787385	0.12232110710382464	
Weißwurst	Fritte	Minze	Gelee	0.7538807179866897	0.04196048233594319	
Weißwurst	Backofen	Eiweiß	Gemüse	0.7537743394646377	0.1557364677983675	
Muff	Axt	Kapuze	Zopf	0.7501720299182063	0.07549176289133927	
Weißwurst	Eßlöffel	Melone	Karaffe	0.7501621692106145	0.09722764789036976	
Weißwurst	Eßlöffel	Grapefruit	Teelöffel	0.748853073940838	0.12424725022631104	
Weißwurst	Pausenbrot	Fettback	Brotkrume	0.7472627500590018	0.06549529874655287	
Weißwurst	Fritte	Mokka	Gelee	0.745789857209776	0.036694821003297365	
Muff	Balg	Unze	Zopf	0.7444709448868861	0.0363917294893741	
Gala	Backofen	Eiweiß	Obst	0.7443400436582067	0.14251375209713996	
Weißwurst	Fritte	Mango	Obst	0.7438512203728543	0.026430817048753746	
Weißwurst	Zapfhahn	Fettback	Brotkrume	0.7430530137010115	0.049578613839611846	
Wald	Kind	Erde	Wand	0.7419045993977584	0.049925723019952496	
Weißwurst	Röckchen	Lätzchen	Serviette	0.7417049731351524	0.04288860557108987	
Kalb	Spieß	Melone	Gurke	0.7412852490836276	0.0429624826630131	
Wald	Kind	Dach	Wand	0.7411240537813854	0.0384914178457597	
Wald	Stück	Fluß	Blatt	0.7410350738606041	0.02266116630982994	
Weißwurst	Espresso	Süßstoff	Kartoffel	0.7389887007903292	0.02647664877248426	
Weißwurst	Pausenbrot	Spirituose	Teigware	0.7381472607635496	0.07177379495361903	
Gala	Tip	Glas	Obst	0.73715937300235	0.09608504660622204	
Weißwurst	Fritte	Zimt	Obst	0.7371188800938788	0.10953925652880593	
Weißwurst	Lebkuchen	Lavendel	Radieschen	0.7359417680616627	0.02740594877012028	
Schwein	Kuchen	Zitrone	Schale	0.7346553800978929	0.0643171387985375	
Marder	Fender	Zeder	Zunder	0.7332411613362314	0.1499990303751688	
Mäuschen	Kuchen	Holunder	Radieschen	0.7320146864101056	0.05930508803329761	
Muff	Ahle	Unze	Filet	0.7298568648686485	0.027507840001722524	
Leiter	Spieler	Zentrum	Körper	0.7289478543132807	0.010486500965849254	
Leiter	Arbeiter	Zentrum	Eisen	0.7284722610680645	0.07362709378225082	
Park	Tip	Grüne	Obst	0.7280059374135613	0.05301392719428584	
Weißwurst	Eßlöffel	Lätzchen	Serviette	0.722606290709542	0.091732954376697	
Vogel	Maus	Blume	Kugel	0.7223820821286497	0.14400316990173292	
Weißwurst	Melken	Sardelle	Verzehren	0.7216372330667434	0.08026650060773112	
Park	Tip	Glas	Blatt	0.7215241812065147	0.05115701480283892	
Vogel	Maus	Blume	Kugel	0.7211847171265688	0.12342542361917949	
Chef	Brief	Auge	Blatt	0.7206312480747427	0.10266635177392362	
Weißwurst	Löffel	Melone	Kürbis	0.7197681436703455	0.10351606805255725	
Park	Tip	Blüte	Arm	0.7194928688797001	0.11808122653075362	
Blitz	Puppe	Brille	Jacke	0.7185963598852192	0.04139278826941248	
Sender	Fender	Zeder	Zunder	0.7183590973810641	0.09468046924857536	
AT&T	Ahle	S&P	Lasur	0.7180903944335041	0.10173432241145236	
Wache	Fund	Licht	Tisch	0.7162260201853554	0.0810456483970354	
Eunuch	Polin	Slum	Sohle	0.7157784599912321	0.04468890397034056	
Fußgänger	Zeltlager	Promenade	Bekleidung	0.715015300355149	0.03876947743975621	
Deserteur	Sensenmann	Totenkopf	Zehennagel	0.7146989927001178	0.08825019820559173	
Kätzchen	Lebkuchen	Lavendel	Radieschen	0.7137398519485704	0.07080521524117821	
Weißwurst	Töpfchen	Lätzchen	Zubereiten	0.7132779104301706	0.10152310565092376	
Turm	Zug	Brust	Arm	0.7129942192225096	0.11211105504039301	
Gala	Konditor	Nektar	Obst	0.7121486601840772	0.05358776692407552	
Giraffe	Rehkitz	Mähne	Shirt	0.7112086765515714	0.07622488543664085	
Berserker	Sensenmann	Totenkopf	Zehennagel	0.7103770363543532	0.09672382875538613	
Gala	Tombola	Parfum	Füllhorn	0.7100901821724476	0.025540609281498577	
Silo	Ahle	Gote	Filet	0.7097586126790209	0.05158161219871144	
Weißwurst	Pausenbrot	Spirituose	Zahnpaste	0.7094598816170367	0.10174059770721297	
AT&T	Fuhrpark	Gebälk	Polyamid	0.7090558914217387	0.0672022140508844	
Talsperre	Fuhrpark	Stadtstaat	Polyamid	0.7082639965727884	0.10907857156917135	
Manager	Spieler	Zentrum	Körper	0.7082032885902371	0.098873431113245	
Brecher	Dung	Eiter	Degen	0.7079950654255036	0.03974264373620468	
Kaffer	Fritte	Panier	Filet	0.7078877256572977	0.054460917429780056	
Brecher	Zünder	Asche	Zunder	0.7077070326738651	0.06833482831147585	
Seismologe	Wandtafel	Schatzhaus	Tabernakel	0.7071636149478118	0.11494485691951745	
Kaffer	Fritte	Sardelle	Verzehren	0.7070929529044258	0.03175023924551531	
Wald	Kind	Meer	Eisen	0.706927572060068	0.10181148769490002	
Wald	Frau	Fluß	Arm	0.7066115514021991	0.11781556353344984	
Hof	Krippe	Säule	Lack	0.7061307725516238	0.06100754424376955	
Dschunke	Hausierer	Rinnstein	Einkerbung	0.7060001115478333	0.023760772925232192	
Brutstätte	Holzfäller	Felsspalte	Verpuppung	0.7054061004516873	0.044157465706255276	
Seismologe	Fuhrpark	Facelift	Polyamid	0.7049321383553119	0.09071095311304084	
Wald	Frau	Auge	Blatt	0.704870216701465	0.05187264457171335	
Park	Inhalt	Blüte	Lack	0.7044847245325462	0.08341456228844331	
Otter	Fender	Zeder	Zunder	0.7043885710971444	0.09733198493668486	
Gala	Tip	Blüte	Obst	0.7042851518824356	0.11349755231908122	
Spruch	Tasse	Zitrone	Packung	0.7039551377497655	0.09432045010169375	
AT&T	Ahle	Lid	Tüll	0.703832146392648	0.10046287795270276	
Weißwurst	Löffel	Zitrone	Teelöffel	0.7031217621493946	0.11261124815893216	
Turm	Spieler	Mauer	Wand	0.7030142315944959	0.020171762149595856	
Begleiter	Zeltlager	Promenade	Liegewiese	0.7018939855874327	0.029443340423271742	
Taxi	Auto	Fluß	Arm	0.7015076871207877	0.1670256417542809	
Berserker	Sensenmann	Totenkopf	Zehennagel	0.701186116273286	0.16449775335553926	
Taxi	Trick	Fluß	Kugel	0.7009108265491034	0.016151174204870396	
Talsperre	Schleifer	Oberhaut	Meniskus	0.7008787777730924	0.11224566952928823	
Muff	Balg	Unze	Garn	0.7007953303705983	0.07370032161568625	
Weißwurst	Backofen	Limonade	Gemüse	0.7007138273120415	0.13309378231797372	
Romanautor	Fuhrpark	Mausoleum	Polyamid	0.6992439973332211	0.09617718037204022	
Chef	Metall	Glas	Blatt	0.6990717768569737	0.07885259930382568	
Weißwurst	Spritzer	Limonade	Sägemehl	0.6986290612284166	0.01738149939363311	
Affe	Maus	Blume	Kugel	0.6981940241656881	0.14998040419485362	
Eunuch	Polin	Zyanid	Steißbein	0.6978714854838985	0.13564604835218633	
Park	Kind	Mond	Arm	0.697551980769604	0.09630642737905387	
Weißwurst	Zapfhahn	Fettback	Pipette	0.6970834419957797	0.07184553135299789	
Weißwurst	Spritzer	Brennessel	Radieschen	0.6961625676158861	0.03050322819628138	
Mäuschen	Röckchen	Lätzchen	Täschchen	0.6961244797558065	0.09744301762519142	
Arzt	Inhalt	Zentrum	Körper	0.6960845793297595	0.06725866900125382	
Muff	Axt	Kapuze	Zopf	0.6955416272810601	0.11398295398932115	
Halle	Gegner	Zentrum	Körper	0.6952003529685408	0.10193839566467364	
Audi	Demo	Säule	Arm	0.6951840536009207	0.08830250696995602	
Telegraf	Wandtafel	Monogramm	Bordüre	0.6951389532867585	0.00911022319526242	
Weißwurst	Lebkuchen	Fenchel	Gelatine	0.69470705381428	0.0632209738747891	
Affe	Maus	Blume	Gurke	0.6935178787603179	0.0642362689079256	
Kaffer	Fritte	Marone	Filet	0.6929548382727457	0.0663006731743687	
Leiter	Arbeiter	Zentrum	Gelenk	0.6922559936271767	0.09191312152633231	
Tanker	Heber	Vene	Gelenk	0.6915934762708119	0.027605684401618688	
Brutstätte	Langfinger	Gürtelrose	Steißbein	0.6915080449998489	0.05927307070365346	
Astrologe	Wandtafel	Refraktor	Bordüre	0.6914463981559112	0.02056201764362537	
Autor	Brief	Auge	Blatt	0.6913448883164826	0.11043873693258244	
Luftraum	Fuhrpark	Korridor	Sohle	0.6912745869484885	0.06430534628215873	
Theologe	Lehrbuch	Stadtstaat	Polyamid	0.691158027914662	0.18323588770164265	
Truthahn	Miststück	Heilbutt	Kartoffel	0.6909025760289479	0.07654603490111565	
Audi	Boß	Fluß	Arm	0.6905780531119438	0.08557804118831937	
Berserker	Langfinger	Zwerchfell	Zehennagel	0.6901874746421681	0.02764157676844131	
Bericht	Dung	Asche	Wunde	0.689694313716415	0.03697798577464586	
Wald	Zug	Staub	Gewebe	0.6896434207477435	0.028699828493678862	
Kaffer	Fritte	Limone	Filet	0.6894585569027055	0.06335962102952829	
Weißwurst	Konditor	Thymian	Saatgut	0.6885734892214762	0.12108860440301132	
Kompressor	Langfinger	Zwerchfell	Steißbein	0.6882810171954126	0.1067803657342734	
Flamingo	Nickerchen	Fleckchen	Scheibchen	0.6880060355274035	0.10202248391966644	
Gala	Tombola	Parfum	Obst	0.6878102380278929	0.0007902719638671814	
Staatsmann	Lehrbuch	Stadtstaat	Tabernakel	0.6869154624916121	0.18158850594120807	
Seismologe	Skiläufer	Schneefeld	Verpuppung	0.6867326816287772	0.04359899527932287	
Muff	Hippe	Unze	Gurke	0.6865693623301204	0.06312688945342529	
Känguruh	Miststück	Brennessel	Teetasse	0.6864072970364216	0.0792499467339008	
Begleiter	Hersteller	Promenade	Standbein	0.6860706611297802	0.11158934916956399	
Blaupunkt	Wandtafel	Trikolore	Bordüre	0.6860366292112431	0.03506114222359608	
Weißwurst	Fritte	Myrrhe	Saatgut	0.6853456711849275	0.1108296676212853	
Silo	Ahle	Gote	Tüll	0.6844761075703244	0.1310658304185547	
Mäuschen	Schläfchen	Holunder	Radieschen	0.6843917223533338	0.07051816519365868	
Seismologe	Monteur	Wehrgang	Polyamid	0.683567179398547	0.06325592733227119	
Straße	Inhalt	Zentrum	Körper	0.6832315750612085	0.11041355815441144	
Auditorium	Tachometer	Appartment	Tabernakel	0.6832040699643663	0.0353426220574593	
Kehlkopf	Xylophon	Luftröhre	Kopfhaut	0.682751104568513	0.10596079558431949	
Biograf	Hackbrett	Hemmstoff	Polyamid	0.6826913610750686	0.06713223262617805	
Turm	Auto	Fleck	Blatt	0.682647793542547	0.09432572771167708	
Giraffe	Cartoon	Tulpe	Gurke	0.6826207428379366	0.127187027688091	
Sender	Wischer	Äderchen	Zunder	0.6825588743224614	0.1115090660484775	
Wald	Gerät	Dach	Wand	0.6821632948458319	0.0479594434245965	
Audi	Demo	Staub	Arm	0.6813900594858593	0.09053029922401491	
Wache	Fund	Licht	Leder	0.6808246100273192	0.07880330132586164	
Hof	Brief	Säule	Arm	0.6808183884431026	0.07028264225541292	
AT&T	Ahle	Oxid	Tüll	0.6806391347385303	0.11352285056459432	
Biograf	Polin	Vorhof	Zügel	0.6805014000468591	0.018177241956111614	
Eunuch	Überschlag	Zwerchfell	Steißbein	0.6803806993464815	0.12467612057793856	
Stadion	Fuhrpark	Korridor	Sohle	0.6799434574834113	0.06829711404330997	
Sender	Wischer	Äderchen	Zunder	0.6797953375012212	0.1375182911063845	
Dickhäuter	Sensenmann	Hühnerauge	Zehennagel	0.6789220684781041	0.13074467286789657	
Weißwurst	Konditor	Nektarine	Zahnpaste	0.678701009445918	0.065393998015088	
Truthahn	Lebkuchen	Seezunge	Teigtasche	0.6783971575507909	0.04799928045010883	
Weißwurst	Konditor	Heilbutt	Verzehren	0.6783307570051466	0.08927767308751655	
Höhle	Demo	Buddha	Arm	0.6782295028258071	0.07662572453534872	
Nebel	Frau	Himmel	Körper	0.6780979526426935	0.14619744120363187	
Blitz	Video	Himmel	Kugel	0.677667285457683	0.10140948333209414	
Sender	Feder	Asche	Tasche	0.677602999659241	0.10299818884444788	
Romanautor	Uhrmacher	Landzunge	Tabernakel	0.6774307190856318	0.02782259329567477	
Känguruh	Miststück	Heilbutt	Füllhorn	0.677250780385816	0.1128506566017372	
Weißwurst	Lebkuchen	Rippchen	Teigware	0.6771431070810244	0.06685840286159153	
Astrologe	Monteur	Fresko	Lineal	0.677040464747111	0.02549388445609725	
Begleiter	Partnerin	Promenade	Standbein	0.6762127436331746	0.03353916591880399	
Kalb	Spieß	Unze	Zopf	0.6758464793526461	0.07255702987072575	
Gewinner	Geschenk	Edelstein	Elfenbein	0.675697435300786	0.015234869992282992	
Haltepunkt	Hebebühne	Rollbahn	Meniskus	0.6754452866814434	0.05922447936851544	
Minister	Arbeiter	Zentrum	Eisen	0.6753423302656328	0.16815466887515412	
Marder	Masche	Äderchen	Sichel	0.6752304752414773	0.08089181261481625	
Ente	Maus	Blume	Gurke	0.6751587668920159	0.11126744717229624	
Pirat	Wurf	Brust	Hüfte	0.6751187241789086	0.11599735544820966	
Lümmel	Spucke	Gift	Gurke	0.6749473984828135	0.07506994641541825	
Weißwurst	Kühltruhe	Apfelsine	Teetasse	0.6748548511639014	0.09081650292420029	
Blitz	Video	Himmel	Körper	0.674658999922785	0.06855026761610107	
Giraffe	Cartoon	Tulpe	Gurke	0.6746203483571217	0.03429164282542637	
Manager	Spieler	Zentrum	Eisen	0.6744230580455485	0.14287115132599254	
Schluck	Trinkgeld	Champagner	Zubereiten	0.6739428414783691	0.06804781919232845	
Diplomat	Lehrbuch	Stadtstaat	Lasur	0.6739273812304672	0.14738015682977632	
Park	Krippe	Säule	Arm	0.6736963568964681	0.047042106242875366	
Biograf	Fuhrpark	Erdhügel	Polyamid	0.672727094030866	0.0552707100924858	
Seismologe	Wandtafel	Stalaktit	Bordüre	0.6720254962800754	0.04524347701944168	
Eunuch	Dung	Fistel	Steißbein	0.6716113198098016	0.04849142265174791	
Autor	Brief	Buddha	Blatt	0.6715170802968222	0.14693825889936704	
Marder	Wischer	Äderchen	Höschen	0.670688875169939	0.08471369692852944	
Minister	Hersteller	Zentrum	Sortiment	0.6700850965722013	0.08955794583613907	
Karatschi	Skiläufer	Winterhude	Verpuppung	0.6699661426841551	0.031961998455107755	
Woge	Fön	Parfum	Gurt	0.6699606698066188	0.09006866121246969	
Schwein	Zunge	Holunder	Kartoffel	0.6694429292297209	0.06525694816573573	
Fußgänger	Einparken	Landseite	Liegewiese	0.6692523003057157	0.0939218313751014	
Giraffe	Puppe	Brille	Shirt	0.6687524039428988	0.14431971680294653	
Weißwurst	Lebkuchen	Blaubeere	Salatgurke	0.6685359902537572	0.09208820010054207	
Seismologe	Formteil	Faserstoff	Kautschuk	0.6679728632840188	0.08142966314029805	
Anwohnerin	Skiläufer	Schneefeld	Liegewiese	0.6678020870544695	0.05755893140192332	
Schwein	Zunge	Magen	Tasche	0.6677966929536759	0.032230425202064795	
Stadion	Inventar	Fassade	Lineal	0.6676385645429427	0.07984592487450366	
Eunuch	Heber	Vene	Gelenk	0.6675014530558941	0.1078402020207485	
Heide	Brief	Meer	Eisen	0.6672703777209295	0.08948673986478671	
Kehlkopf	Xylophon	Luftröhre	Skalpell	0.6671993767189027	0.13324058022675733	
Giraffe	Nickerchen	Lätzchen	Handtasche	0.6671989619816213	0.06338260706017648	
Wache	Dusche	Licht	Wäsche	0.6668801840354575	0.1616928788307169	
Plagiator	Holzwurm	Bazillus	Treibholz	0.6668484881799532	0.03682992086292087	
Brecher	Hausierer	Randstein	Einkerbung	0.6667713390705613	0.029094022671159903	
Schwall	Würgen	Bluter	Einstich	0.6665283049569537	0.07598878442608589	
Hai	Horn	Gift	Gurke	0.6663898965414562	0.07986211571481118	
Fußgänger	Einparken	Promenade	Liegewiese	0.666187691226027	0.11410812786595732	
Hof	Ahle	Harz	Saatgut	0.6659836164442866	0.07646176984364543	
Kalb	Spieß	Zimt	Filet	0.6657507186979995	0.11996193544635665	
Dickhäuter	Pausenbrot	Vogelbeere	Radieschen	0.6646235273927434	0.05918483011667211	
Anwohnerin	Festumzug	Seebrücke	Liegewiese	0.6646100723968046	0.06489795387684551	
Cousin	Konditor	Traube	Obst	0.6645415739988084	0.07386174842466756	
Vogel	Puppe	Brille	Jacke	0.6642826976612232	0.16457718139911426	
Wal	Boß	Fluß	Zopf	0.6642673983032004	0.12755810758681924	
Fußgänger	Zeltlager	Karawane	Liegewiese	0.664252653394542	0.1068431179457559	
Anführer	Gegner	Mauer	Eisen	0.6635779863790112	0.08437721155380634	
Leiter	Spieler	Erde	Eisen	0.6634008164882166	0.021209019214837078	
Politiker	Lehrbuch	Zentrum	Gewebe	0.6632696481750722	0.22230196458289136	
Kompressor	Windsurfen	Promenade	Liegewiese	0.663234723027237	0.08758598811108247	
Bericht	Arbeiter	Licht	Wunde	0.662905699936993	0.1268059346654028	
Kanonier	Hausierer	Rinnstein	Schienbein	0.6626497058055659	0.04871511074803679	
Bericht	Masche	Asche	Wunde	0.6626368420362768	0.12640913006485047	
Audi	Kran	Meile	Arm	0.6623486670771038	0.0747215242382801	
Auditorium	Tachometer	Reflektor	Schatulle	0.6621859631590032	0.03784957884773206	
Plagiator	Beckmesser	Rinnstein	Einkerbung	0.6620450833620021	0.09092592742783316	
Astrologe	Saustall	Vestibül	Lasur	0.661981335022098	0.03459421125771671	
Fußgänger	Tänzerin	Promenade	Liegewiese	0.6616660545470704	0.09075774755102772	
Eunuch	Ahle	Aorta	Knorpel	0.6616558267054895	0.04593157316022531	
Telegraf	Wandtafel	Sextant	Bordüre	0.6616232386377782	0.09092090452866367	
Seismologe	Monteur	Schatzhaus	Polyamid	0.6614874564544585	0.16680022634371647	
Volkswirt	Monteur	Torhaus	Bordüre	0.6611360349721109	0.07618052546415671	
Opa	Azubi	Träne	Obst	0.6607534239749189	0.12628223305675165	
Gewinner	Geschenk	Licht	Radieschen	0.6596403842729731	0.026667109133325838	
Maulwurf	Stoßzahn	Kaulquappe	Ohrring	0.6585897865196036	0.07684812621126555	
Blitz	Puppe	Brille	Kugel	0.6582289215498202	0.09572244782922583	
Feuersturm	Feuerwaffe	Tentakel	Spitzhacke	0.6581597588659619	0.042209558084340994	
Hof	Polin	Urin	Gewebe	0.6579844369198073	0.049292642159708855	
Mobilfunk	Workshop	Zentrum	Sortiment	0.6578359992872453	0.099591537902459	
Passagier	Dachdecker	Reihenhaus	Tabernakel	0.6578211306360361	0.05430364814313249	
Raucher	Zunge	Magen	Speichel	0.6577802532136846	0.039522493895969533	
Pampa	Polin	Slum	Acryl	0.657542873210621	0.09579072506846217	
Turm	Auto	Dach	Wand	0.657537109328426	0.15123690116831606	
Halle	Frau	Brust	Körper	0.6571354599165051	0.09023960331041485	
Haltepunkt	Schlagzeug	Stadtstaat	Polyamid	0.6570838770416044	0.16345889652901482	
Sender	Schreiner	Licht	Zunder	0.6570737403044086	0.11626880500308034	
Wache	Masche	Asche	Schere	0.6570618047406099	0.105024962352719	
Hof	Zug	Meile	Sohle	0.6568408630638518	0.025617100843838836	
Talsperre	Arbeiter	Gletscher	Kautschuk	0.6564127992891399	0.02786683234266103	
Turm	Flugblatt	Fleck	Mappe	0.656328614549106	0.11832081667920163	
Elefant	Rehkitz	Schlange	Kugel	0.6558985459479321	0.14719393612814935	
Kommuniqué	Wandtafel	Refraktor	Bordüre	0.6553474779784154	0.03126105679191249	
Elefant	Einbrecher	Schlange	Kugel	0.6552106177517906	0.11050931780549507	
Woge	Lasso	Koloß	Sehne	0.6551520828720708	0.10454811328550198	
Schwein	Kuchen	Eiweiß	Schale	0.6550923151860397	0.13818583119537856	
Biograf	Ahle	Albumin	Polyamid	0.6549168673908164	0.10082069962863847	
Eunuch	Monteur	Asbest	Schmutz	0.6547691725183592	0.058093402174586715	
AT&T	Fibel	Saum	Mappe	0.6546774973091997	0.04464299668500601	
Weißwurst	Kuchen	Beere	Gelee	0.6546367597640866	0.06747040414793033	
Weißwurst	Backofen	Eiweiß	Teig	0.6541585418328569	0.1894788682572329	
Turm	Stück	Stirn	Arm	0.6532266510660897	0.04710885434406132	
Weißwurst	Eßlöffel	Apfelsine	Teebeutel	0.6530760454495189	0.11236928573108552	
Silo	Boß	Quai	Lasur	0.6528919706921975	0.09884272271504908	
Brecher	Brecheisen	Rinnstein	Einkerbung	0.6526303928825182	0.06091505216749436	
Schwein	Töpfchen	Lätzchen	Fläschchen	0.6522613587332983	0.12971308342841495	
Henne	Halter	Dach	Stange	0.6522210304157855	0.08329655109472618	
Silo	Ahle	Quai	Hanf	0.6520889907272589	0.13590316504969743	
Pirat	Boß	Fluß	Zopf	0.6519701392088372	0.08861921320824885	
Weißwurst	Kühltruhe	Apfelsine	Teetasse	0.6518338862159987	0.12789033625049823	
Arena	Schach	Meer	Eisen	0.651499067170148	0.11751866085859883	
Wal	Horn	Gift	Arm	0.6514256338083069	0.0562263367232556	
Marder	Scheller	Schlange	Sichel	0.6512183101004987	0.04637963071877133	
Hof	Backofen	Thymian	Saatgut	0.6511694894723117	0.1902073385110108	
Turm	Waffe	Brust	Kugel	0.6508298780304105	0.048230402855056594	
Brecher	Heber	Eiter	Degen	0.6501822913907309	0.12140532094906488	
Airport	Lehrbuch	Marmor	Lasur	0.6499510992756844	0.10917179254238712	
Giraffe	Cartoon	Tulpe	Füllhorn	0.649493768339809	0.13186335193060353	
Extremist	Kopfstoß	Auswuchs	Schmutz	0.6492516247909136	0.06683721230522896	
Dickhäuter	Miststück	Hühnerauge	Verzehren	0.6492464444516571	0.13619665956369992	
Talsperre	Monteur	Barfüßer	Polyamid	0.6490784086702029	0.15808046958669486	
Diener	Arbeiter	Essener	Eisen	0.6482409992982602	0.053691123678006526	
Trinker	Spießer	Heroin	Verzehren	0.6481841763358447	0.1403031277765179	
Berserker	Würgen	Bluter	Steißbein	0.6480010160025582	0.08488514002402273	
Diplomat	Konditor	Oblate	Lasur	0.6479087860386947	0.11474865986460328	
Auditorium	Rednerpult	Reflektor	Tabernakel	0.6478772440597212	0.013976008020182644	
Woge	Stoß	Brust	Hüfte	0.6478119134874673	0.1572094175187671	
Robbe	Spieß	Erbse	Gurke	0.6476487886574963	0.044870221072021425	
Feuersturm	Brandbombe	Totenkopf	Zehennagel	0.6471337844341741	0.20481921785574927	
Berserker	Überschlag	Schneefeld	Ellbogen	0.647082988444456	0.08819538083932962	
Wache	Fund	Licht	Bein	0.6470731320016968	0.10725885049600255	
Kleinbus	Hebebühne	Rollbahn	Fußspitze	0.6470255834250147	0.13630150936153354	
Romanautor	Fuhrpark	Marstall	Bordüre	0.6468080501067671	0.04154485713410532	
Lüftchen	Eierbecher	Lätzchen	Täschchen	0.646142085631478	0.1340681163203925	
Halle	Bohle	Vorhof	Sohle	0.6457657453166104	0.132813322911598	
Politiker	Lehrbuch	Zentrum	Lineal	0.6453417357483326	0.18102659404203186	
Hai	Boß	Krabbe	Zopf	0.6452978642780026	0.1387412335406954	
Autofahrer	Computer	Himmel	Körper	0.6450792177142425	0.01625479798412756	
Köter	Dung	Eiter	Degen	0.644950628173918	0.08741859004690734	
Fußgänger	Spielstand	Appartment	Liegewiese	0.6448046112878775	0.07405411976348825	
Gala	Pulli	Nektar	Kork	0.6447527058165902	0.04971652399241021	
Arzt	Brief	Meer	Körper	0.6440047514852821	0.12378796992756282	
AT&T	Steg	Robe	Mappe	0.643743131053918	0.04444637424500949	
Muff	Puppe	Kapuze	Kappe	0.6427205412850484	0.13469877913868067	
Gala	Konditor	Olive	Obst	0.6425212701957416	0.05004884879057958	
Weißwurst	Spritzer	Kastanie	Kartoffel	0.6422426645268007	0.10430966628423645	
AT&T	Fibel	Nimbus	Bordüre	0.6421157213583935	0.05890052463989993	
Biograf	Ahle	Agave	Lasur	0.6419435605419879	0.020467351515327283	
Nashorn	Rehkitz	Mähne	Shirt	0.6415355063191504	0.04868247450700594	
Vergaser	Fritte	Lyoner	Paste	0.6410767770941734	0.03309145074889113	
Kätzchen	Schäfchen	Oleander	Radieschen	0.6410528512070424	0.020939894563272266	
Geysir	Imker	Bazar	Lasur	0.6409742189215692	0.1408407593918361	
Schluck	Espresso	Süßstoff	Kartoffel	0.6408413379329868	0.08982610600596974	
Wachturm	Fuhrpark	Wandbild	Bordüre	0.6408316362946024	0.06242595396976384	
Trinker	Melken	Limone	Verzehren	0.6407346580164467	0.13089316422145453	
Sprachrohr	Uhrmacher	Landzunge	Tabernakel	0.6406416091855799	0.11268249025159867	
Fußgänger	Spielerin	Promenade	Standbein	0.6404695143607033	0.04466950357306848	
Talsperre	Hausierer	Sediment	Meniskus	0.6403200689330256	0.13553113090024377	
Eisbär	Cartoon	Tulpe	Gurke	0.6400769679385744	0.13745909088346991	
Torwächter	Hausierer	Mauerstein	Flechtwerk	0.6398925183346024	0.02963385275260544	
Senator	Lehrbuch	Zentrum	Eisen	0.6398847905201245	0.21500799176955546	
Großvater	Lehrbuch	Zentrum	Sortiment	0.6395600511667573	0.08596862238452217	
Auditorium	Tachometer	Reflektor	Tabernakel	0.6393399438648869	0.05134184050502014	
Woge	Truck	Fluß	Knie	0.6392179133017144	0.05145364654061182	
Begleiter	Windsurfen	Promenade	Standbein	0.6392177872949473	0.08296584478274005	
Woge	Moped	Fluß	Hüfte	0.6390002955409178	0.04128885692297629	
Vergaser	Konditor	Gerbstoff	Zahnpaste	0.6389114113305537	0.06576415890043001	
Reh	Maus	Kobra	Zopf	0.638759970833377	0.05269249627113375	
Kehlkopf	Schlagzeug	Bronchitis	Steißbein	0.6387259768933043	0.05530911225971987	
Söhnchen	Fuchtel	Hühnerauge	Fältchen	0.6386602967020089	0.14269114356881776	
Mäuschen	Kinderfrau	Oleander	Radieschen	0.638319430388632	0.10069547847008693	
Haltepunkt	Holzfäller	Felsspalte	Fußspitze	0.6382209095511682	0.07698157843939825	
Autofahrer	Spielplatz	Baumkrone	Rucksack	0.6380750893628436	0.11750699993923648	
AT&T	Polin	Chrom	Lineal	0.6374057220811792	0.08842951058787575	
Weißwurst	Kühltruhe	Apfelsine	Knetmasse	0.6373397118680111	0.12319325624767004	
Muff	Walze	Robe	Öse	0.6373183396209688	0.16354229199798503	
AT&T	Kran	Kubus	Mappe	0.6364847880526832	0.08062103074095511	
Kehlkopf	Xylophon	Mastdarm	Knorpel	0.6360619337817455	0.07447644029811372	
Karatschi	Brandbombe	Mundwasser	Kautschuk	0.6360152458126694	0.11850060706658869	
Giraffe	Krabbeln	Baumkrone	Accessoire	0.635970171504939	0.08753245626824767	
Weißwurst	Pausenbrot	Champignon	Salatgurke	0.6359658642400522	0.03948640090022883	
Punker	Spießer	Bluter	Skalpell	0.6358084599401882	0.22645435605120146	
Muff	Tape	Kapuze	Gurt	0.6357819469702447	0.1262440040909412	
Wal	Steg	Kinn	Zügel	0.6355820155909039	0.06285795332933339	
Brecher	Zünder	Zwinger	Degen	0.6355232903846063	0.11169993401102533	
Talsperre	Arbeiter	Tibeter	Meniskus	0.6351365338002314	0.1345392979549692	
Schwein	Kuchen	Holunder	Puder	0.6348435853189768	0.10679740780703646	
Marder	Eierbecher	Fleckchen	Scheibchen	0.6346859862421695	0.19848171403229753	
Fresser	Fuchtel	Bluter	Einstich	0.6344531828861135	0.1296968545286369	
Romanautor	Uhrmacher	Schatzhaus	Polyamid	0.6342593503320583	0.17220535489961503	
Kompressor	Zeitnehmer	Appartment	Steigeisen	0.6342371183851144	0.05723299262520831	
Kolonne	Monteur	Hohlweg	Polyamid	0.6341852391267421	0.05620647678152677	
Woge	Boß	Kobra	Sehne	0.6341302852009243	0.11649707823893524	
Brecher	Hausierer	Arterie	Scheide	0.6336075951000981	0.05110509138968761	
Pamphlet	Wandtafel	Grünspan	Spinnwebe	0.633592505106458	0.15173878237016927	
Patin	Kanne	Glas	Seife	0.6334735101759369	0.13234470136417034	
Muff	Walze	Kapuze	Öse	0.6333569437730767	0.12264936697284132	
Giraffe	Feuerzeug	Brennessel	Stecknadel	0.6326190091461359	0.05873624713248771	
Weißwurst	Lebkuchen	Steinpilz	Salatgurke	0.6322438939447749	0.03371554619988905	
Kaffer	Quaken	Marone	Verzehren	0.6317414527635566	0.1460332635386861	
Schwall	Kopfstoß	Rollbahn	Skalpell	0.6316300687506172	0.03477883024425646	
Antilope	Holzwurm	Kaulquappe	Zehennagel	0.631548701139301	0.14995068482706442	
Cousin	Imker	Lotus	Lasur	0.6309488904586358	0.08989593077825801	
Kleinbus	Überschlag	Zwerchfell	Schienbein	0.6309297286098502	0.1542875651994811	
Talsperre	Monteur	Kartell	Lineal	0.6308411982957965	0.14421920589432183	
Woge	Stoß	Brust	Knie	0.6304106760465855	0.20162053992917214	
Großvater	Backofen	Champagner	Sortiment	0.6300502272912204	0.08405370539967826	
Berserker	Kettensäge	Totenkopf	Spitzhacke	0.6297997328305616	0.10042195189140686	
Woge	Stoß	Brust	Hüfte	0.6297971729725177	0.20933968258074895	
Biograf	Ahle	Rispe	Tüll	0.629406676526964	0.050269197511637775	
Saal	Inhalt	Blüte	Arm	0.6293727510357999	0.11538097675960216	
Flamingo	Cartoon	Orchidee	Blumenvase	0.6293570012916282	0.16358864139764015	
Söhnchen	Scheller	Rinnstein	Sichel	0.6285141168771444	0.04001739620289954	
Gala	Imker	Alge	Obst	0.6283198761836934	0.04851605158635382	
Blaupunkt	Wandtafel	Medaillon	Schatulle	0.6280292186721769	0.15201615868653323	
Park	Tip	Krone	Blatt	0.6277262733431223	0.06865383450276552	
Auspuff	Korpus	Kapuze	Tüll	0.6274474446207964	0.07333732627260404	
Park	Konsole	Antlitz	Lack	0.6273490637813668	0.09640782417850245	
Fußgänger	Tänzer	Meile	Körper	0.6271693796310615	0.037992958344852605	
Berserker	Stolpern	Zwerchfell	Steißbein	0.6268543849085685	0.0042292719558856915	
Brutstätte	Holzwurm	Rollbahn	Treibholz	0.6267971064921468	0.10314961582580962	
Schwall	Klopfer	Bluter	Steißbein	0.6267723659991604	0.13997602415593796	
Lüftchen	Knistern	Holunder	Radieschen	0.6266267156477893	0.08943608531010205	
Park	Krippe	Glas	Lack	0.6265599882276183	0.09247265211716822	
Berserker	Einbrecher	Totenkopf	Halterung	0.6262794240926136	0.09886344877739521	
Kehlkopf	Kopfstoß	Harnröhre	Knorpel	0.6261566385220235	0.12432183859909336	
AT&T	Monteur	S&P	Zügel	0.6259017523636689	0.16740822634663205	
Igel	Maus	Blume	Zopf	0.6258700983795807	0.16954195872355907	
Karatschi	Hausierer	Bakterie	Steißbein	0.6258441054688305	0.11181764123684364	
Fresser	Fuchtel	Hühnerauge	Zehennagel	0.6258096537513942	0.20133458456241365	
Triebwerk	Schlagzeug	Magnesium	Saatgut	0.6256312848890351	0.09345840550724786	
Kleinbus	Festwagen	Landseite	Steigeisen	0.6254649659059931	0.026937011231363252	
Idiot	Klotz	Fluß	Knie	0.6249557054667826	0.07985078778720986	
Flugkörper	Dachdecker	Matterhorn	Waffenrock	0.6248218484545637	0.17063859012712937	
Kielwasser	Lauffeuer	Hühnerauge	Verzehren	0.6248187091384726	0.10514724081858444	
Talsperre	Wandtafel	Kieselalge	Verpuppung	0.6245520403059944	0.09223631110058898	
Seismologe	Wandtafel	Franse	Bordüre	0.6244177145373732	0.0916437035240955	
Seismologe	Rednerpult	Säulengang	Tabernakel	0.624144962881712	0.10445634490300792	
Flugkörper	Dachdecker	Matterhorn	Einkerbung	0.624019428963812	0.14550180866479198	
Radiator	Schlagmann	Unterkleid	Sitzstange	0.6236302797946353	0.13139303408890568	
Panoptikum	Festumzug	Seebrücke	Liegewiese	0.6232024035512543	0.060398969259636094	
Berserker	Kriecher	Rinnstein	Hosenbund	0.6225300358988887	0.07646011687047134	
Fledermaus	Scheller	Pünktchen	Radieschen	0.622500494846397	0.12077302321654264	
Biograf	Lehrbuch	Ammonit	Polyamid	0.6224457100381864	0.12544667552407818	
Marktplatz	Kopfball	Seebrücke	Accessoire	0.622423898786006	0.042896759879123676	
Weißwurst	Fritte	Rippchen	Abtropfen	0.6223975667677467	0.1058400228933382	
Insasse	Monteur	Hautarzt	Schmutz	0.6220669825120545	0.11954840202552718	
AT&T	Ahle	Tiara	Tüll	0.6220453271234981	0.09654955935728998	
Begleiter	Schreiner	Herberge	Liegewiese	0.6218573355925284	0.0846499672223132	
Rüffel	Quaken	Heilbutt	Gurke	0.6218327866347997	0.08439138818042412	
Eisbrecher	Drehleier	Matterhorn	Einkerbung	0.621678430272767	0.14422345630587632	
Nachtklub	Festwagen	Landseite	Faltenwurf	0.6213293321022783	0.07194941808118903	
Weißwurst	Lebkuchen	Brombeere	Salatgurke	0.6212810897395785	0.07565982347967565	
Muff	Axt	Kapuze	Jackett	0.6211395977890642	0.16047152710654458	
Dienerin	Erfinderin	Edelstein	Standbein	0.6210066467312036	0.05268150711156265	
Woge	Tanz	Fluß	Körper	0.620636894644321	0.06021461850008124	
Brutstätte	Holzwurm	Totenkopf	Treibholz	0.6206328795917844	0.12193416492702457	
Büffel	Rehkitz	Krabbe	Zopf	0.6205353163264337	0.1122799624621766	
Blaupunkt	Plotter	Medaillon	Schatulle	0.6204431082002229	0.22834236407829595	
Muff	Rehkitz	Satin	Etui	0.6204157582413613	0.09773998127603056	
Showmaster	Schaustück	Biosensor	Füllhorn	0.6203241198039202	0.010689431125145732	
Marktplatz	Apparatur	Reflektor	Möbelstück	0.6201672589283657	0.10232791276994171	
Eisbrecher	Brecheisen	Randstein	Einkerbung	0.6200379150160864	0.13302414032979815	
Theologe	Monteur	Fühler	Lineal	0.6198703994518618	0.10057657224782172	
AT&T	Monteur	Gruft	Gewebe	0.6198117798906477	0.1250841230087545	
Kröte	Rehkitz	Krabbe	Zopf	0.6197497629105659	0.09684507267124068	
Eunuch	Polin	Zyanid	Polyamid	0.6197182102937105	0.13740939982846817	
Patin	Hobel	Unze	Nabe	0.6195987870775845	0.08250637783859135	
Nebel	Konsole	Abbild	Mappe	0.6194079281144553	0.031426831347166374	
Woge	Stoß	Brust	Sehne	0.6188217793720959	0.16023124452394955	
Schluck	Spieß	Tropfen	Schale	0.6186596845664294	0.03464870032392797	
Karatschi	Monteur	Barfüßer	Kautschuk	0.618578297209992	0.1561675691011802	
Astrologe	Uhrmacher	Schatzhaus	Lineal	0.6183239304409228	0.17960989059455157	
Mercedes	Torhüter	Zentrum	Körper	0.6182690434960852	0.19977762930142437	
Radiator	Handheld	Baumkrone	Armlehne	0.6182359591449068	0.06445221159331703	
Talsperre	Formteil	Eiskappe	Polyamid	0.6177641510557124	0.10003705340908338	
Plagiator	Beckmesser	Grünspan	Treibholz	0.6174449370227414	0.18154033786123272	
Muff	Puppe	Satin	Etui	0.6173100352032225	0.11191862512741886	
Straße	Metall	Brust	Blatt	0.6171643610029272	0.1118492026438768	
Tiger	Maus	Schlange	Kugel	0.6171137917907742	0.17587468064918635	
Pamphlet	Flugblatt	Grünspan	Mappe	0.6170560690920226	0.20089704228910743	
Depp	Boß	Träne	Zopf	0.6168205979705652	0.10505046187693683	
AT&T	Ahle	Kopeke	Tüll	0.6166346225333247	0.03974521176096185	
Telegraf	Uhrmacher	Ammonit	Tabernakel	0.6165915709364351	0.16335443141053205	
Deserteur	Würgen	Geschwür	Steißbein	0.616478809754132	0.05825182022786675	
Kalb	Korb	Glas	Gurt	0.6163834706524586	0.1208922228760009	
Audi	Steg	Kinn	Ärmel	0.616304565913299	0.0975622639546526	
Kaffer	Quaken	Heilbutt	Verzehren	0.6162385672600134	0.04494774913144682	
Minister	Inventar	Fassade	Lineal	0.6159948965491958	0.04886946637882681	
Hof	Metall	Staub	Gewebe	0.6159817992360823	0.0845236476904588	
Berserker	Greifer	Nacken	Ellbogen	0.6158372223760459	0.10850101610538666	
Halle	Heber	Vene	Gelenk	0.6157612245356886	0.15899093762543925	
Sender	Schreiner	Äderchen	Zunder	0.6157404982370884	0.0991186370922891	
Gala	Sauna	Parfum	Reifen	0.6149913696495335	0.11533446231857111	
Silo	Fön	Wanne	Hanf	0.6149876302246841	0.10834374585721444	
Astrologe	Fuhrpark	Stadthaus	Tabernakel	0.6147464942459903	0.06286303049068737	
Giraffe	Sandkasten	Fleckchen	Handtasche	0.6147417868679935	0.1916995420878066	
Gewinner	Schütze	Dreieck	Sortiment	0.6146574389394501	0.13554391765886067	
Blaupunkt	Tachometer	Sonnendach	Tabernakel	0.6145728009003393	0.08532843409058391	
Auspuff	Zapfhahn	Nessel	Pipette	0.6145372901587727	0.14853739977985803	
Berserker	Schlagloch	Felsspalte	Zehennagel	0.6144420621990552	0.10362031422816269	
Schwall	Klinge	Geschwür	Degen	0.6144303886432377	0.06546498924309624	
Fischadler	Erfinderin	Seestern	Radieschen	0.6143989308363215	0.09673828123102994	
Schauplatz	Polizistin	Zitadelle	Körper	0.6141306840335776	0.22170433236820933	
Gala	Kanne	Glas	Seife	0.614025719367204	0.17582104851035557	
Taube	Krippe	Emblem	Brokat	0.6138420261345359	0.04683693675276893	
Bankier	Uhrmacher	Fühler	Lineal	0.6134301724362423	0.1236746647464029	
Kamerad	Konsole	Antlitz	Accessoire	0.6130597234089528	0.06709367745498127	
Lüftchen	Lebkuchen	Wacholder	Radieschen	0.6129941413911849	0.037823258440365	
Karatschi	Schreiner	Zisterne	Schälchen	0.6127142694696145	0.04743094233775724	
Anwohnerin	Polizistin	Zitadelle	Liegewiese	0.6126593220445838	0.1305497246319388	
Stadion	Fuhrpark	Innenhof	Tabernakel	0.6126247968474572	0.06058480631326043	
Tanker	Polin	Halde	Sohle	0.6125984025791394	0.06322812186744073	
Brutstätte	Brandbombe	Leberfleck	Blattwerk	0.6123664135925365	0.10759430102444859	
Geysir	Konditor	Ambrosia	Zahnpaste	0.6122757966954177	0.01358112393212028	
Drohn	Boß	Koloß	Zügel	0.6121207463946261	0.11836915958764356	
Eunuch	Ahle	Kieme	Polyamid	0.6110767822573394	0.12527608906735896	
Muff	Stoßzahn	Kapuze	Wams	0.610968778908138	0.07730201618587157	
Schwein	Dusche	Licht	Tisch	0.6107417250804773	0.144470882019933	
Vogel	Puppe	Brille	Bluse	0.6106903159066496	0.17993804154064416	
Blaupunkt	Schaustück	Biosensor	Pastell	0.6102976998029487	0.11194299263259282	
Blaupunkt	Wandtafel	Laubblatt	Spinnwebe	0.6102276095080263	0.10519890383538191	
Leiter	Abtasten	Pfeiler	Gelenk	0.6101583759796122	0.04395145483877884	
Eunuch	Hebebühne	Oberhaut	Meniskus	0.6098759617760966	0.14259744258953785	
Dschunke	Scheller	Totenkopf	Zehennagel	0.6097964678517811	0.13484443483493294	
Hyäne	Balg	Polyp	Gliedmaß	0.6092556692575162	0.0430246201502207	
Interpol	Monteur	Wehrgang	Lineal	0.6091129774115952	0.15647371906425758	
Kleinbus	Handwagen	Kopfende	Lauffläche	0.6090407968280364	0.20173489760204963	
Wache	Bausch	Asche	Degen	0.609005216109332	0.07058186874492073	
AT&T	Ahle	Karat	Tüll	0.6084909525712229	0.11935428577109548	
Kehlkopf	Rohrstock	Luftröhre	Skalpell	0.6084402015106807	0.0876531640597167	
Höhle	Krippe	Buddha	Lack	0.608437593115501	0.11669499810578926	
Giraffe	Spielzeug	Brille	Bleistift	0.6084169242351835	0.1081049372178141	
Volkswirt	Monteur	Barfüßer	Polyamid	0.6083457138788769	0.1810707999452163	
Feuersturm	Brandbombe	Leberfleck	Spinnwebe	0.6082472294748423	0.14631269318557555	
Stadion	Lehrbuch	Zentrum	Körper	0.6080935333233999	0.20132516678052337	
Weißwurst	Lebkuchen	Schlehe	Teigware	0.6080717150601848	0.05204526510825264	
Astrologe	Lehrbuch	Teleskop	Tabernakel	0.6079453468021822	0.06474786456124847	
Nachtklub	Ballerina	Seebrücke	Liegewiese	0.6076598948798663	0.1026457893694882	
Giraffe	Drahtesel	Brennessel	Stecknadel	0.6073911682496137	0.05403461483720762	
Kommandeur	Mechaniker	Stadtstaat	Tabernakel	0.6072401451621159	0.2131830004301758	
Deserteur	Spießer	Totenkopf	Zehennagel	0.6071553776114692	0.18264040880572655	
Schauplatz	Festumzug	Zitadelle	Verpuppung	0.6067660015080923	0.11458853406533492	
Fischadler	Langfinger	Plattfisch	Verzehren	0.6067135287670979	0.13643405231110495	
Showmaster	Einkäufer	Champagner	Sortiment	0.6066644730610684	0.04202895679693317	
AT&T	Wandtafel	Okular	Bordüre	0.6065595982082913	0.10891581348855048	
Artgenosse	Stierkampf	Plattfisch	Verzehren	0.6065522416705355	0.14046899510370753	
Vergaser	Drehleier	Bitumen	Furnier	0.6064850336772412	0.15439061827085232	
Wache	Masche	Nacken	Bein	0.6064704579193704	0.10252152023731838	
Staudamm	Fuhrpark	Sarkophag	Tabernakel	0.6060983994435571	0.07019683908945681	
Mobilfunk	Lehrbuch	Mausoleum	Sortiment	0.6060206824449385	0.20402794467908555	
Kalb	Kanne	Glas	Wachs	0.6057608816074016	0.20957782513071613	
Eunuch	Kopfstoß	Phallus	Meniskus	0.6053651053683115	0.053916498489972466	
Staatsmann	Rednerpult	Säulengang	Tabernakel	0.6050823508251927	0.13441347455404307	
Flughafen	Arbeiter	Quartier	Bodenbelag	0.6050714119909352	0.08840724885773504	
Muff	Beil	Kinn	Zopf	0.6050586443003737	0.09865715411252281	
AT&T	Heber	Kinn	Zügel	0.6050163714245204	0.11570932193770775	
Lüftchen	Knistern	Äderchen	Zunder	0.6048222356217202	0.0792030333268829	
Wolf	Stück	Mond	Mappe	0.6042953967211083	0.17800721150217114	
Torwächter	Dachdecker	Reihenhaus	Einkerbung	0.6041428974152027	0.07599037177550579	
Cousin	Imker	Nektar	Obst	0.6037417026612141	0.025021387883834602	
Talsperre	Ahle	Bitumen	Polyamid	0.6036569388272308	0.12057341866457298	
Mandarin	Konditor	Baldrian	Kartoffel	0.6036548788008318	0.09756303688498766	
Auspuff	Korpus	Borke	Tüll	0.6035782312356366	0.13426265457776485	
Biograf	Ahle	Alaun	Lasur	0.6029934136860766	0.03448662697678114	
Schrei	Schlag	Nacken	Knie	0.6025988895672597	0.07498446533415755	
Giraffe	Stoßzahn	Brille	Ohrring	0.6024909612208226	0.11095145880574327	
Muff	Spieß	Wanne	Filet	0.6020616400530375	0.049355498961232785	
Nashorn	Rehkitz	Leopard	Zopf	0.6017014781596868	0.19917844211617383	
Fußgänger	Händedruck	Promenade	Bekleidung	0.6014518000409198	0.11008375953298465	
Schimpanse	Handheld	Baumkrone	Hufeisen	0.601146380011853	0.053454415636589654	
Fresser	Holzwurm	Blutegel	Zehennagel	0.600973961648167	0.0117343671252501	
Truthahn	Lebkuchen	Garnele	Kartoffel	0.6009492823886152	0.0657250403664803	
Drohn	Amboß	Kobra	Zopf	0.6006123797508871	0.18345868419557707	
Brecher	Zünder	Zwinger	Degen	0.6001957690131111	0.08393402809203666	
Extremist	Stuntman	Schneefeld	Fußgelenk	0.6001703270105092	0.10200983482621864	
Silo	Walze	Saum	Garn	0.6000478260769442	0.15842455190082871	
Raucher	Melken	Leber	Obst	0.5998874079484708	0.054451234708130285	
Taube	Maus	Blaue	Tapete	0.5998408602573679	0.0649115749374604	
Kamerad	Schütze	Antlitz	Accessoire	0.5995555415459707	0.14890755703911931	
Autofahrer	Lagerfeuer	Champagner	Zubereiten	0.5994892824130931	0.04074500140206471	
Zweig	Brief	Zentrum	Eisen	0.5994747726407265	0.1177541549231899	
Theologe	Inventar	Flecken	Schmutz	0.5983716366533697	0.004350045552252913	
Silo	Ahle	Kruste	Gelatine	0.5982693959855062	0.11579272197217642	
Nebel	Video	Dunst	Mappe	0.598221993929146	0.18861163632733344	
Raucher	Schreiner	Essener	Eisen	0.5981410739189464	0.09573553787896712	
Autofahrer	Polizistin	Himmel	Liegewiese	0.5978616807266767	0.15254451462990265	
Silo	Bohle	Saum	Sohle	0.5977281973086495	0.13450784746375447	
AT&T	Fibel	Saum	Stola	0.597388255734515	0.08842682753872533	
Brachvogel	Handwagen	Unterkleid	Buchrücken	0.5972877765381782	0.1578905155691688	
Wache	Dusche	Veranda	Wäsche	0.5968884589245077	0.2281884929566076	
Sender	Schalter	Licht	Kästchen	0.5968080832508355	0.03887337628023446	
Söhnchen	Rädchen	Unterkleid	Fältchen	0.5965700956454976	0.10517435373282469	
Radiator	Karussell	Baumkrone	Accessoire	0.596557214550273	0.06195339933170498	
Torwächter	Dachdecker	Schatzhaus	Einkerbung	0.5965004637949701	0.16254472486124089	
Memorandum	Schlagzeug	Stickstoff	Saatgut	0.5963378252730884	0.02415334694832385	
Berserker	Schleuder	Zwerchfell	Einstich	0.5962160457348581	0.12994132957197194	
Patin	Humpen	Unze	Ranzen	0.5960891649904689	0.062468621865019745	
Sprechchor	Drehleier	Rinnstein	Einkerbung	0.596046776935309	0.13426456276204957	
Höhle	Krippe	Trikot	Arm	0.5959283129764829	0.06251846387309876	
Interview	Hersteller	Tagebuch	Körper	0.5958739455668917	0.19146033384795297	
Flugkörper	Feuerwaffe	Unterkleid	Waffenrock	0.5957309656902451	0.13977736234314103	
Saurier	Feuerwaffe	Tentakel	Zehennagel	0.5955905179932419	0.04152790745657642	
Schwall	Fußtritt	Zwerchfell	Fußgelenk	0.5954156249549504	0.10888443016477684	
Brecher	Masche	Rinnstein	Lasche	0.5953384801898453	0.1289929907444409	
Airport	Lehrbuch	Lagune	Lasur	0.5949930624929581	0.1780206081003034	
Torwächter	Tachometer	Frontseite	Tabernakel	0.5947750801167095	0.15859670813114182	
Drohn	Balg	Warze	Mappe	0.5945350555543106	0.10238547891206709	
Extremist	Monteur	Auswuchs	Schmutz	0.5944650581341476	0.1723456104085462	
Muff	Säge	Unze	Öse	0.5944158582217993	0.09092304935421615	
Depp	Wackeln	Glatze	Mappe	0.5943949671161292	0.051623074595508384	
Opa	Azubi	Parfum	Obst	0.5941903101274972	0.16943410201804457	
Muff	Metall	Kapuze	Nagel	0.594160373741366	0.14004022170157598	
Raucher	Imker	Pollen	Obst	0.5936642351438556	0.021230488026945975	
Eisbrecher	Vibrieren	Landseite	Steigeisen	0.5933397743840824	0.14987687195222377	
Park	Gerät	Dach	Anker	0.5933028676384428	0.09166806802276316	
Diplomat	Saustall	Oblate	Lasur	0.5932705703257674	0.1322031031387763	
Bericht	Gegenstand	Streifen	Kleidung	0.5932332567569872	0.02047471852033916	
Blaupunkt	Imker	Azalee	Lasur	0.5931411322580961	0.08404318278179163	
Halle	Stoß	Urin	Muskel	0.5929758651038951	0.09173598545291411	
Kommandeur	Mechaniker	Mausoleum	Liegewiese	0.5929666532197576	0.1358808492703384	
Drohn	Amboß	Kobra	Zopf	0.5928535450884298	0.1923329485385972	
Weißwurst	Mörser	Zitrone	Korken	0.592844301620388	0.1460601151748578	
Journalist	Lehrbuch	Stadtstaat	Tabernakel	0.5927118216107795	0.23954101034923053	
Vogel	Korb	Brust	Schuh	0.5924114456166598	0.16178363260017586	
Eunuch	Heber	Uterus	Steißbein	0.5922900214019101	0.059736094864786995	
Showmaster	Kinderfrau	Oleander	Liegewiese	0.5918441536283973	0.06593049857092956	
Seismologe	Monteur	Ammonit	Bordüre	0.5917887655274167	0.18730430726860303	
Muff	Amboß	Tulpe	Zopf	0.5916965289129265	0.08393509017258123	
Mönch	Schmied	Fühler	Zügel	0.5913047695585515	0.15635794911172485	
Düsenjet	Dampfwalze	Felsspalte	Spitzhacke	0.5911871376250167	0.10290657143821172	
Woge	Stoß	Brust	Gurt	0.5911816728692739	0.15756451687714215	
Kaffer	Brezel	Lupine	Radieschen	0.591176069679683	0.08148864357728823	
Känguruh	Tombola	Parfum	Füllhorn	0.5911322766734992	0.07629536236450188	
Maulwurf	Schlagloch	Unterkleid	Spitzhacke	0.5909435303117705	0.20064191978924675	
Kehlkopf	Ahle	Harnröhre	Knorpel	0.5908535615331576	0.15453565476179493	
Schwein	Eierbecher	Lätzchen	Täschchen	0.5907863788783121	0.20732781964749158	
Schwein	Töpfchen	Lätzchen	Päckchen	0.590317202097092	0.1275866331108281	
Schwein	Tasse	Eiweiß	Packung	0.5901284714428073	0.19659696424151077	
Spruch	Taste	Glas	Tisch	0.5900768305166441	0.060001500261236504	
Trinker	Würgen	Schleim	Speichel	0.5897327378304985	0.026021568225124726	
Auditorium	Mechaniker	Appartment	Tabernakel	0.5896897855731305	0.14119474598106324	
Punker	Spießer	Totenkopf	Skalpell	0.5895121872446486	0.24073656539158578	
Haltepunkt	Hufschmied	Winterhude	Verpuppung	0.5893212279382977	0.02157709586430992	
Schwein	Besen	Lätzchen	Stange	0.5893139399376429	0.14326052460913224	
Geysir	Fuhrpark	Atrium	Lasur	0.5889155654216848	0.03192514254624165	
Bomber	Gegner	Kartell	Degen	0.588908322449551	0.15652426612413284	
Arena	Schach	Licht	Körper	0.5887914123691212	0.12063521185731944	
Kaff	Azubi	Quai	Obst	0.588703922621768	0.18409078424424904	
Blaupunkt	Saustall	Farmland	Bordüre	0.5887021592990344	0.13878277905541406	
Sprichwort	Glöckchen	Lätzchen	Schiffchen	0.5885610548324877	0.0069131327162283455	
Nachtclub	Striptease	Schneefeld	Dekolleté	0.5885456009049568	0.10386428211436169	
Schwein	Mundstück	Lätzchen	Säckchen	0.5885309241794623	0.17573467845950358	
Schwall	Heber	Nacken	Ferse	0.5885016347635217	0.15615415937336805	
Schwein	Feder	Dach	Tasche	0.5882373606623831	0.15815803674403045	
Marktplatz	Workshop	Fassade	Bekleidung	0.5882231741683069	0.1358860196281583	
Ohrenzeuge	Flugblatt	Augenbraue	Blattwerk	0.588113318472289	0.08675237061761974	
Talsperre	Wandtafel	Eiskappe	Polyamid	0.5881115137842575	0.1298677577726137	
Mäuschen	Schläfchen	Lätzchen	Handtasche	0.5880853865228198	0.054628120067405535	
Kolonne	Monteur	Gruft	Schmutz	0.5878759059746069	0.18456657842821333	
Schwan	Maus	Schlange	Kugel	0.5874467510911923	0.16928077996008278	
Schwall	Kratzen	Nacken	Ellbogen	0.5872615715039545	0.11052830550727619	
Mercedes	Torhüter	Zentrum	Körper	0.5872607047345199	0.1507945341031117	
Maulwurf	Rehkitz	Schlange	Spitzhacke	0.5872517609455005	0.17545798319882783	
Brecher	Klinge	Eiter	Scheide	0.5872266390988448	0.12752694864246222	
Weißwurst	Herdplatte	Brennessel	Kopfkissen	0.5870314598908489	0.1474382794319249	
Radiator	Trampolin	Seebrücke	Badeanzug	0.5865599757950729	0.20431899541075899	
Uhu	Maus	Träne	Zopf	0.586543911750503	0.12973914181870058	
Fußgänger	Traktor	Korridor	Sohle	0.5863211742429423	0.06296661974906534	
Passagier	Mechaniker	Promenade	Liegewiese	0.5863019298081785	0.11048181758629873	
Sprachrohr	Abtasten	Randstein	Fixieren	0.5863010680660254	0.08009561819938275	
Kehlkopf	Holzwurm	Giftstoff	Sägemehl	0.5858903912026652	0.11303142256538946	
Panther	Spießer	Schlange	Kugel	0.5857118987615468	0.18774477493701203	
Brutstätte	Überschlag	Mutterleib	Steißbein	0.5855022608570268	0.06481612053495957	
Luftraum	Fuhrpark	Mausoleum	Muskel	0.5853119261010656	0.17778445903392295	
Auerochse	Schaustück	Margerite	Blumenvase	0.5852800557664694	0.07750265057688992	
Opa	Fön	Myrrhe	Kork	0.5851154788087382	0.12308626662317801	
Fußgänger	Trampolin	Veranda	Laufsteg	0.5849322442703703	0.16538981155311583	
Esel	Maus	Mond	Zopf	0.5849238498180694	0.14954281178272072	
Kinderarzt	Arbeiterin	Gletscher	Innenseite	0.5849231947327532	0.04660653665985727	
Flugkörper	Brecheisen	Unterkleid	Querlatte	0.5848907796457995	0.14092303969302228	
Karatschi	Konditor	Meersalz	Gelatine	0.5847098543920716	0.1147410624551292	
AT&T	Axt	Kubus	Mappe	0.5843717974308108	0.12705472142182403	
Taube	Maus	Blume	Blatt	0.5840238692246139	0.21378859013171986	
Staatsmann	Saustall	Vestibül	Planzen	0.5839537177694979	0.02510754040844417	
Eunuch	Kendo	Vene	Achsel	0.5839104019110213	0.06884880564130527	
Fußgänger	Skater	Meile	Hüfte	0.5838577829103547	0.13022864096803607	
Blitz	Nachbau	Antlitz	Kästchen	0.5837203084941816	0.026306692741228186	
Tiger	Schlag	Nacken	Knie	0.5835384457894467	0.06272063508809818	
Taube	Plotter	Raute	Lack	0.5835075752670322	0.03483417449526849	
Patin	Rufer	Mokka	Füllhorn	0.5834069617339315	0.1217031864715547	
Maikäfer	Holzwurm	Bazillus	Sägemehl	0.5833982054778203	0.09208972102439293	
Eunuch	Polin	Thorax	Meniskus	0.5833769599331674	0.056759634342050634	
Pampa	Boß	Quai	Zügel	0.5832535281595795	0.23447879162851185	
Flamingo	Feuerzeug	Fleckchen	Blumenvase	0.5830743647466906	0.13269629941951896	
Woge	Wippe	Kapuze	Gurt	0.5826486176273401	0.15881261410328443	
Lüftchen	Röckchen	Lätzchen	Schiffchen	0.5826473596661986	0.19135171640547713	
Flughafen	Lehrbuch	Tagebuch	Saatgut	0.5824993390941736	0.2032262172090186	
Schächter	Schleifer	Randstein	Einkerbung	0.5823411670160313	0.05216492398478473	
Pamphlet	Flugblatt	Augenbraue	Skalpell	0.5820151446865449	0.10621214904914052	
Nebel	Imker	Dunst	Obst	0.5819862709601218	0.18224924644411747	
Rebhuhn	Spieß	Nelke	Filet	0.5818532884216799	0.10236165912140695	
Marktplatz	Mitspieler	Promenade	Standbein	0.5814261323191285	0.10224714774473809	
Gewinner	Geschenk	Kristall	Sortiment	0.581314867361693	0.087907273126997	
Maulwurf	Stoßzahn	Unterkleid	Sweatshirt	0.5805124791940907	0.19132273916281214	
Eule	Maus	Blume	Mappe	0.5802470759274171	0.18656970021983968	
Autofahrer	Polizistin	Schneefeld	Tätowieren	0.5798365414828919	0.17440089107726717	
Muff	Walze	Unze	Nabe	0.5798100918145095	0.09016174544888698	
Cousin	Imker	Lotus	Lasur	0.5797954915337614	0.1459967866387599	
Volkswirt	Korpus	Hornhaut	Meniskus	0.5797662142031899	0.13536769566959747	
Schwan	Plotter	Fleckchen	Brosche	0.5793365012403414	0.116102121166529	
Weißwurst	Fritte	Fenchel	Paste	0.579173204164318	0.2073144068866937	
Insasse	Kratzen	Asbest	Schmutz	0.578908786371675	0.09583705226370594	
Bassist	Posaune	Kartell	Knorpel	0.5788645029415996	0.21944589854573165	
Schächter	Fechter	Gletscher	Steißbein	0.5788323194293561	0.04346411445017822	
Wal	Ahle	Efeu	Filet	0.5778603600688315	0.04916082672976851	
Turm	Korb	Brust	Brett	0.5777406358634911	0.14185588290090878	
Haltepunkt	Handwagen	Felsspalte	Verpuppung	0.5776301899801313	0.13366345520948072	
Zeugin	Demo	Gruft	Schmutz	0.5774517171929695	0.176620590761592	
Sender	Rädchen	Äderchen	Schere	0.5773958909622164	0.16630281792457235	
Silo	Ahle	Borax	Filet	0.5771992139058955	0.08352320678410151	
Radiator	Pirouette	Zwerchfell	Sitzstange	0.5771198657201654	0.11752878630706676	
Insasse	Schlagzeug	Hautarzt	Kopfhaut	0.5769318539453642	0.10980881542288815	
Interview	Anschlag	Geschwür	Wunde	0.5767720925553795	0.07081892030317603	
Stier	Geschenk	Fleckchen	Kästchen	0.5764403149233771	0.16408586143580334	
Geysir	Polin	Bazar	Lasur	0.5764279098879294	0.16526346438992384	
Igel	Fang	Gift	Gurt	0.5761665793056358	0.08651662137157919	
Radiator	Hebebühne	Felsspalte	Fußspitze	0.5756319192753985	0.195991364854522	
Bankier	Inventar	Okular	Lineal	0.5755798393318345	0.1002677431640489	
Leiter	Metall	Mauer	Papier	0.575524615208209	0.11281141699970818	
AT&T	Monteur	Kliff	Bordüre	0.5753363831921439	0.1846558573671245	
Verfasser	Lehrbuch	Tagebuch	Eisen	0.5753023776976421	0.23485938524483022	
Sprachrohr	Uhrmacher	Tagebuch	Tabernakel	0.5750731670880692	0.18389887164760663	
Park	Krippe	Veranda	Sessel	0.5749288977577159	0.14562012511255826	
Vergaser	Hausierer	Klümpchen	Pergament	0.5742033516316932	0.1321653716624941	
Giraffe	Stoßzahn	Medaillon	Halskette	0.5741870833536347	0.13970450899779965	
Kommuniqué	Schlagzeug	Schatzhaus	Tabernakel	0.5741056034847466	0.1856369349438067	
Kleinbus	Sandsack	Unterkleid	Fußknöchel	0.5740773405888078	0.2815375950375097	
Stier	Maus	Schlange	Hufeisen	0.574006409629436	0.13158791701541298	
Trinker	Würgen	Heroin	Wunde	0.5734865984073662	0.14470352705566925	
Kanonier	Hausierer	Vorschiff	Flechtwerk	0.573141509944393	0.054717442021757774	
Muff	Haspel	Aorta	Öse	0.5730420217809912	0.10654268448685397	
Gala	Frisör	Parfum	Seife	0.572933312699674	0.07135495241273848	
Dienerin	Kinderbett	Herberge	Liegewiese	0.572932568582936	0.11736749308974234	
Radiator	Krempel	Baumkrone	Markise	0.5728421055587473	0.188789762990252	
Weißwurst	Backofen	Emulsion	Gelatine	0.5725906546031524	0.21142797480456552	
Dienerin	Lackierer	Appartment	Stickerei	0.5725275520911771	0.030981106416620083	
Feuersturm	Zündschnur	Brennessel	Spitzhacke	0.5723935057110748	0.14046358155364227	
Waschbär	Rehkitz	Leopard	Zehennagel	0.5723008315902438	0.181145856042192	
Halbaffe	Holzwurm	Kaulquappe	Spinnwebe	0.5722100984769546	0.1925322234994378	
Weißwurst	Fritte	Weißdorn	Salatgurke	0.5721705254730518	0.06318950836466034	
Leiter	Tischler	Herberge	Fixieren	0.572121233152522	0.1184277884346526	
Schrei	Hammer	Nacken	Nagel	0.5720804307144762	0.05302600839483447	
Muff	Klappe	Brust	Gurt	0.5720240712811306	0.055007268990986624	
Telegraf	Wandtafel	Okular	Bordüre	0.5719372696685404	0.17105659761842582	
Berserker	Schlagloch	Unterkleid	Spitzhacke	0.5719037571255882	0.18964498625305212	
Karatschi	Hackbrett	Sandelholz	Steckling	0.5718893043856955	0.104412477356281	
Nachtlokal	Backgammon	Grapefruit	Knetmasse	0.5718524819672547	0.07330222065169706	
Absolvent	Lehrbuch	Tagebuch	Lineal	0.5715846394071323	0.2124426665408308	
Vergaser	Formteil	Faserstoff	Drehbank	0.5715841869723669	0.08623262990835799	
Giraffe	Puppe	Fleckchen	Pullover	0.5714119979858611	0.12625043288178586	
AT&T	Ahle	Borke	Tüll	0.5711952054693575	0.06819297836729202	
Autofahrer	Sandkasten	Fleckchen	Handtasche	0.5708350609827358	0.207811085124227	
Nachtlokal	Backgammon	Biosensor	Verzehren	0.5706113995191239	0.12530776513691966	
Radiator	Krempel	Seebrücke	Maniküre	0.5705219954789778	0.18959213905037525	
Kompressor	Mundschutz	Landseite	Befestigen	0.5704535048197205	0.12472900130962976	
Psalmist	Hackbrett	Hemmstoff	Ebenholz	0.5703947776962611	0.036739791523877866	
Muff	Blech	Glas	Schnur	0.570100590858284	0.105066797488009	
Kehlkopf	Hackbrett	Dickdarm	Knorpel	0.5699174433367776	0.11610161698015677	
Untier	Spießer	Schlange	Höschen	0.5698009306211077	0.13997405089618073	
Karatschi	Bohrung	Faserstoff	Kautschuk	0.56970143172681	0.10090443759947233	
Vogel	Steg	Kapuze	Ärmel	0.5696025821657821	0.2325826957162758	
Weißwurst	Spritzer	Emulsion	Sägemehl	0.5695882476853279	0.11555356338173865	
Showmaster	Ständchen	Lätzchen	Zubereiten	0.5694600423280037	0.09059144328730426	
Punker	Flinte	Nacken	Schere	0.5692899984739227	0.0705509741928669	
Redner	Aushang	Gebälk	Sohle	0.5692038564551231	0.13976007242123373	
Leiter	Rädchen	Dach	Faden	0.5689827814985496	0.12542359592627014	
Diener	Gegenstand	Schleier	Scheibchen	0.5688484471190415	0.06818995983601712	
Blaupunkt	Wandtafel	Kleeblatt	Schatulle	0.5688006878534678	0.06393442384152039	
Lümmel	Spucke	Kobra	Sägemehl	0.5686597493925779	0.16508345832568744	
Silo	Bohle	Chrom	Acryl	0.5685876268424669	0.1555860886719373	
Karatschi	Monteur	Gaswerk	Polyamid	0.5685080809003996	0.1497405820798396	
Wächter	Streich	Zwinger	Sichel	0.5684196490200824	0.11926728329387587	
Kommentar	Lehrbuch	Tagebuch	Sortiment	0.5674774517159675	0.25496846419859504	
Karatschi	Hufschmied	Sumpfland	Treibholz	0.5674545288090266	0.0806695116135399	
Düsenjet	Sandsack	Felsspalte	Fußnagel	0.5673977543699372	0.20731386696687093	
Stier	Handheld	Fleckchen	Hufeisen	0.5672491128810263	0.12309770786775678	
Showmaster	Kaufladen	Biosensor	Zubereiten	0.5671581106566794	0.10010732775320788	
Schwall	Abfeuern	Bluter	Skalpell	0.5671483803071653	0.13252821085860236	
Fischadler	Erfinderin	Sonnentau	Radieschen	0.5671420911961983	0.1166779761475371	
Talsperre	Ahle	Atoll	Polyamid	0.5671037739202569	0.12264293429139975	
Autofahrer	Motorrad	Brust	Rucksack	0.5669908795072796	0.12165648588303468	
Muff	Knebel	Satin	Tüll	0.5669895025061157	0.11216847325153789	
Schwall	Klemme	Kapuze	Taille	0.566896447095878	0.09762723239855678	
Schrei	Streich	Schlange	Wunde	0.5667876640579609	0.18890610294422305	
Kakadu	Cartoon	Leopard	Füllhorn	0.5666572748836184	0.1766100663321677	
Kehlkopf	Rohrstock	Luftröhre	Spitzhacke	0.5664525579636673	0.14823070920916634	
Kanonier	Drehleier	Wehrgang	Einkerbung	0.5663992170741183	0.1660525937804913	
Radiator	Krempel	Kapuze	Strähne	0.5663924174686948	0.18061883037460255	
Fledermaus	Scheller	Pünktchen	Radieschen	0.5663074108528295	0.16375188902349788	
Leiter	Dusche	Asche	Leder	0.5662603105000377	0.14701059779311534	
Redner	Lehrbuch	Zentrum	Eisen	0.5659599066746709	0.20786403738295522	
Kleinbus	Wischer	Binde	Speiche	0.5656598907781615	0.14191821455135706	
Silo	Imker	Bodega	Lasur	0.5654155928979004	0.03254763426118455	
Kanonier	Handwagen	Unterkleid	Flechtwerk	0.5653257974381771	0.30230494706900823	
Kompressor	Schlagzeug	Hemmstoff	Steißbein	0.5653007941279935	0.15318325319196194	
Hotelier	Schreiner	Promenade	Zubereiten	0.5652758356019484	0.12728039529894725	
Mäuschen	Wischer	Fleckchen	Teelicht	0.5648920558397852	0.12713987932737858	
Gewinner	Schütze	Dreieck	Lineal	0.5646942747040123	0.14308978490994395	
Woge	Abwurf	Koloß	Hüfte	0.564662279408284	0.06308593808923864	
Muff	Tape	Kapuze	Nylon	0.5646614056497677	0.14800433725397688	
Kaffer	Melken	Moschus	Verzehren	0.5646151849478604	0.07020356888958602	
Mönch	Brief	Fries	Kuvert	0.56458063606781	0.07285180012738178	
Kapitän	Workshop	Himmel	Saatgut	0.5644225227811218	0.2063199427938408	
Ohrenzeuge	Brandbombe	Augenbraue	Waffenrock	0.5639123078952669	0.17754130849403518	
Düsenjet	Schlagfall	Zwerchfell	Zehennagel	0.5634292320768203	0.04634192392842707	
Marder	Plotter	Fleckchen	Brosche	0.5631630373225932	0.15399597619728317	
Jaguar	Holzwurm	Kobra	Zopf	0.5628739219951958	0.18815309540653224	
Rabe	Maus	Mond	Mappe	0.5627206321425067	0.20449426388200717	
Marder	Masche	Nacken	Schere	0.5626173708560872	0.17156036928321286	
AT&T	Monteur	Retina	Bordüre	0.5625697384864886	0.13403126859286726	
Fußgänger	Fuhrpark	Karawane	Zügel	0.5625326937550346	0.11347452299921099	
Radiator	Schlagmann	Unterkleid	Sitzstange	0.5624837777519595	0.195320381997478	
Auspuff	Mundstück	Lätzchen	Spülkasten	0.5623066087982744	0.184932181040955	
AT&T	Ahle	Thuja	Lasur	0.5622291376162406	0.04423483010649477	
Gala	Krempel	Parfum	Markise	0.561990080690601	0.19881446373659184	
Berserker	Federball	Unterkleid	Hosenbund	0.5619643509322297	0.24071920085193385	
Ratte	Spießer	Krabbe	Zopf	0.5618812822609	0.20306119434895528	
Offizier	Lehrbuch	Tagebuch	Sortiment	0.5618743539452588	0.20937085085916407	
Plagiat	Holzwurm	Warze	Skalpell	0.561795512096349	0.12768069144047878	
Kehlkopf	Sandsack	Luftröhre	Kopfhaut	0.5616416496342985	0.13797636568301175	
Raubtier	Rehkitz	Schweif	Hufeisen	0.5613510912688254	0.0664138575291614	
Triebwerk	Schlagzeug	Magnesium	Polyamid	0.5611628252507109	0.24806774542742488	
Spruch	Pfeife	Blume	Deckel	0.5610354161859697	0.09011964550483581	
Muff	Knüppel	Kapuze	Strick	0.5608479842845548	0.2600845897214042	
Flüchtling	Arbeiter	Bakterium	Körper	0.5604223869202811	0.1750860991716226	
Hyäne	Rehkitz	Kobra	Zopf	0.5603890530051873	0.17696025358347472	
Schwein	Rädchen	Kopfende	Häufchen	0.5602236699427618	0.11770878245338806	
Blaupunkt	Schaustück	Südland	Bordüre	0.5601449268347118	0.18274900617429812	
Giraffe	Schaukel	Baumkrone	Rucksack	0.5600599484201815	0.14633154075887755	
Säufer	Spießer	Krabbe	Zehennagel	0.5598817767690135	0.2692749762251871	
Radiator	Trampen	Landseite	Fußspitze	0.5597762135271808	0.07477940575384466	
Radiator	Wackeln	Glatze	Strähne	0.5597668791398995	0.027631898605632838	
Fußgänger	Trampolin	Veranda	Schuhwerk	0.5595692305818568	0.1637554930070247	
Autofahrer	Friseur	Brille	Rucksack	0.5591653238709399	0.11389079479834824	
Buchstabe	Schmied	Tagebuch	Pergament	0.5588763162268487	0.18993074443043192	
Kätzchen	Schäfchen	Herberge	Liegewiese	0.5587495085399659	0.07571430235460908	
Eunuch	Hebebühne	Harnröhre	Gliedmaß	0.558637796306919	0.10618423789693555	
Hof	Metall	Glas	Folie	0.5582787881024495	0.11378414426164123	
Buchautor	Lehrbuch	Stadtstaat	Tabernakel	0.5581849957261963	0.23789828472518557	
Memorandum	Schlagzeug	Tagebuch	Zahnpaste	0.5574475936620621	0.2620451578120851	
Raucher	Schreiner	Essener	Zubereiten	0.5573831453021708	0.13433873420526982	
Auspuff	Korb	Wanne	Gummi	0.5571598907000922	0.15946397481678384	
Nebel	Inhalt	Kuppel	Mappe	0.5571389153184109	0.1118903305033457	
Vogel	Puppe	Kapuze	Umhang	0.5570199738343059	0.17987638026499503	
Schrei	Streich	Asche	Wunde	0.556942807338939	0.17432261114688444	
Pavian	Brandbombe	Mangrove	Spinnwebe	0.5567645853863695	0.12272773290675897	
Söhnchen	Halfter	Nacken	Knöchel	0.5567055887781848	0.1568907091078382	
Vergaser	Handwagen	Kopfende	Scharnier	0.5566872667137525	0.19548136213244724	
Antilope	Holzwurm	Kaulquappe	Treibholz	0.5563768264684177	0.22536314128675755	
Weißwurst	Mörser	Limonade	Korken	0.5562631039490785	0.18304886512487284	
Radiator	Trampolin	Seebrücke	Accessoire	0.5555728134035497	0.17221719501888305	
Funke	Flöte	Träne	Mappe	0.5554789851346781	0.25303379601123427	
Brocken	Gegenstand	Streifen	Papier	0.5548467116261362	0.05537553932591941	
Schwein	Dusche	Schleim	Speichel	0.5548337265299601	0.06456471496595215	
Muff	Banjo	Unze	Zopf	0.5543059439527532	0.1428219675896949	
Kleinbus	Handwagen	Unterkleid	Lauffläche	0.554180482903095	0.2525730966574341	
Auspuff	Mundstück	Unterkleid	Spülkasten	0.5540398014296392	0.25866276378841935	
Kollege	Brief	Tagebuch	Blatt	0.5536677895173935	0.2228178781423164	
Lümmel	Zündholz	Bazillus	Skalpell	0.553590538109967	0.07147804955543854	
Kleinbus	Handwagen	Reihenhaus	Innenseite	0.5535123334900264	0.15818602783455152	
Autofahrer	Baseball	Schneefeld	Liegewiese	0.5534051497834079	0.1104417975344398	
Vergaser	Eierbecher	Kopfende	Schälchen	0.5533426804909594	0.186079615895034	
Kleinbus	Zeltlager	Winterhude	Steißbein	0.553321834519869	0.07990803612099846	
Flughafen	Lehrbuch	Tagebuch	Sortiment	0.5528335846438838	0.21591361996174135	
Hai	Horn	Embryo	Knorpel	0.5526671632412427	0.030935473946898984	
Flamingo	Cartoon	Orchidee	Kartoffel	0.5525554503575784	0.13040244715060192	
Kompressor	Schlagmann	Zwerchfell	Steigbügel	0.5525432411760228	0.18293510816988953	
Vergaser	Formteil	Bitumen	Furnier	0.552499409614898	0.11452826659093288	
Radiator	Kraftrad	Schneefeld	Accessoire	0.5519439581621479	0.11468615859877235	
Köter	Fuchtel	Bluter	Zunder	0.5518720588549909	0.15480307332822033	
Magier	Schach	Dreieck	Eisen	0.5516198269042267	0.17984474630973568	
Seeräuber	Spießer	Totenkopf	Zehennagel	0.5511640130743807	0.2391221381874854	
Talsperre	Monteur	Barfüßer	Polyamid	0.5510024426741739	0.22271475501917914	
Nachtclub	Stierkampf	Mutterleib	Verzehren	0.5509416925990369	0.15134062224613173	
Mandarin	Konditor	Süßwasser	Verzehren	0.5507099402736957	0.04752079808753046	
Tanker	Polin	Tibeter	Eisen	0.550637373050537	0.17381486765488882	
Beter	Vibrieren	Landseite	Fixieren	0.5504125585751533	0.16466145210932093	
Beter	Kaufladen	Rippchen	Steingut	0.5503023725432136	0.13787194220784832	
Marktplatz	Spielplatz	Veranda	Kleidung	0.5500391165843702	0.1408315462550422	
Park	Tip	Knospe	Lack	0.5497283667329649	0.08799383047446326	
Woge	Roller	Nacken	Ferse	0.5496158832399419	0.1249308558730882	
Muff	Saite	Aorta	Garn	0.5494115276189774	0.05588202826994956	
Anführer	Gegner	Kartell	Eisen	0.5492404260657394	0.23158170129023978	
Auspuff	Stoßzahn	Kapuze	Jackett	0.5491789355228059	0.25820810282378315	
Halbaffe	Zündholz	Laubblatt	Spinnwebe	0.5489906626003586	0.1746253331207697	
Kranich	Arbeiterin	Gefieder	Elfenbein	0.5487192754937539	0.09166325985506384	
Muff	Bohrer	Kapuze	Bügel	0.5484326157166662	0.17087203311970448	
Kompressor	Aufschlag	Zwerchfell	Schlitten	0.5484252988086148	0.14664435808986057	
Idiot	Spießer	Glatze	Zopf	0.5479940710861243	0.15911957650657554	
Fußgänger	Hardware	Himmel	Prothese	0.547887208016224	0.013528963275882587	
Staudamm	Flugblatt	Stadtstaat	Haarnadel	0.5477419369216415	0.1551755600511355	
Murmeltier	Schläfchen	Plattfisch	Verzehren	0.5476086292989754	0.13958739658708766	
Taxi	Puppe	Brille	Tapete	0.5475530257667842	0.2122920835608201	
Beter	Wischer	Binde	Speiche	0.547286509209895	0.06132668042011325	
Maikäfer	Spießer	Hühnerauge	Kartoffel	0.547271110262398	0.23326035936913903	
Vogelmann	Cartoon	Hühnerauge	Füllhorn	0.5472182151882117	0.21098595234479275	
Gala	Fibel	Robe	Stola	0.546965030873325	0.17493322570182393	
Karatschi	Wandtafel	Behaarung	Verpuppung	0.5467485269444615	0.1299900632172883	
Sprechchor	Schlagwerk	Rinnstein	Steigbügel	0.5467209525269001	0.07335845767710912	
Kompressor	Kopfnicken	Zwerchfell	Befestigen	0.5466955712417154	0.1259030571518031	
Saal	Torwart	Brust	Körper	0.5463380336548819	0.08874123747306893	
Schwall	Triangel	Mastdarm	Einkerbung	0.5463364639169295	0.06746219719031492	
Kompressor	Vibrieren	Landseite	Befestigen	0.5462987561328166	0.20214058028884896	
Saloon	Mäher	Satin	Pinne	0.5460677532002739	0.1840776639505774	
Kleiber	Hausierer	Ginster	Zunder	0.5460475986023879	0.13223244550354854	
Funke	Ahle	Barrel	Filet	0.5458776721563843	0.030503987457556343	
Enkelkind	Uhrmacher	Mausoleum	Tabernakel	0.5458506912392264	0.17383673615121914	
Kalb	Löffel	Glas	Deckel	0.5453219716536772	0.20364609198695416	
Würger	Fuchtel	Bluter	Zehennagel	0.5452807911848301	0.16112969820721434	
Auspuff	Ahle	Kapsel	Garn	0.5452658474018643	0.05593651905672543	
Hai	Ahle	Galle	Filet	0.5452510743377811	0.06728801015572868	
Auspuff	Eßlöffel	Grapefruit	Behältnis	0.5452360439515412	0.124074559750503	
Sänger	Brief	Essener	Eisen	0.5448598663679375	0.13268067102179376	
Schrei	Schläger	Nacken	Knöchel	0.5447667305526122	0.14757799065703323	
Talsperre	Fritte	Emulsion	Gelatine	0.5444968259608566	0.17206556612693197	
Mönch	Wandtafel	Pigment	Bordüre	0.5441198250743102	0.11448195748925423	
Berserker	Überschlag	Nacken	Ellbogen	0.5436526275923593	0.2052788379609044	
Kleinbus	Klemme	Kapuze	Taille	0.5436499753897771	0.1909918162478254	
Waidmann	Cartoon	Wildblume	Füllhorn	0.54364591492643	0.20213374964619552	
Feldwebel	Monteur	Barfüßer	Polyamid	0.5432895448051768	0.2418390910205662	
Flughafen	Inventar	Präparat	Saatgut	0.5426169485586224	0.10434620416669604	
Funke	Horn	Träne	Gurke	0.5425855430819083	0.16443416430780827	
Kompressor	Schlagzeug	Stickstoff	Prothese	0.5425011969185735	0.18268679896413842	
Volkswirt	Schlagzeug	Hämoglobin	Verpuppung	0.5421868236954758	0.1732795013680365	
Robbe	Imker	Rouge	Mappe	0.5418798582552912	0.058115901660197054	
Giraffe	Spielplatz	Brille	Rucksack	0.5417895023671694	0.15481637610524646	
Giraffe	Plotter	Fleckchen	Fliese	0.5417508221383854	0.14744354362750006	
Wachtel	Scheller	Oleander	Radieschen	0.5409276059248254	0.07962760750631931	
Taube	Harfe	Lilie	Lack	0.5406210192305306	0.11371272864702939	
Satellit	Monteur	Bastion	Lineal	0.5403955148606435	0.06736912641903846	
Rebhuhn	Hippe	Nessel	Bottich	0.5402833592139481	0.12434213642243909	
Staudamm	Wandtafel	Unterkleid	Haarnadel	0.5401021907231588	0.1322087714074581	
Schwein	Besen	Brille	Stange	0.540001186310244	0.17969944384915046	
Saloon	Bohle	Kapuze	Sakko	0.5399566182631156	0.18575336123190567	
AT&T	Ahle	Granat	Filet	0.5399338830888958	0.06645542047517326	
Auspuff	Sandsack	Luftröhre	Fußknöchel	0.5399166442909461	0.24527306773825355	
Radiator	Akrobat	Kobra	Fußspitze	0.5398197352379048	0.07562503945025846	
Spion	Demo	Fleck	Mappe	0.5398002880228545	0.1374294760153825	
Kleinbus	Hebebühne	Unterkleid	Überwurf	0.5396281084845168	0.19892694064689304	
Kranich	Maus	Gefieder	Sichel	0.5394582839092275	0.09099622546635494	
Saloon	Amboß	Kobra	Zopf	0.5394306322559212	0.08488012993763702	
Astrologe	Inventar	Netzhaut	Bordüre	0.5394066615760266	0.06102028542014822	
Buchstabe	Korpus	Klümpchen	Pergament	0.539124291409516	0.18930747115175697	
Wachturm	Wandtafel	Torbogen	Bordüre	0.5387626852530585	0.08149757800932365	
Astrologe	Wandtafel	Sternbild	Bordüre	0.538755050163075	0.14087233198851187	
Raubtier	Spießer	Skorpion	Zehennagel	0.5382461516836957	0.20812537992424232	
Leiter	Bauteil	Pfeiler	Werkbank	0.5380803365881291	0.1029380772104342	
Marktplatz	Handwagen	Veranda	Bodenbelag	0.5376461296481302	0.20405703128377214	
Hai	Demo	Mumie	Mappe	0.5376266578132102	0.04906812207891466	
Dienerin	Erfinderin	Herberge	Postern	0.5374013819648807	0.14143702457740284	
Beter	Handwagen	Veranda	Sessel	0.537236606532396	0.12386254586707982	
Kehlkopf	Xylophon	Luftröhre	Knorpel	0.5368916950767194	0.1321761462672289	
Radiator	Trampolin	Veranda	Sitzfläche	0.5367767602788488	0.2364796124169139	
Kleinbus	Sandsack	Nacken	Knöchel	0.5366711449887003	0.2677408196654406	
Kielwasser	Lauffeuer	Totenkopf	Verzehren	0.5365348526369612	0.15393918085411012	
Weißwurst	Kaufladen	Sandelholz	Steckling	0.5364171642828585	0.14304209781368396	
Auspuff	Blasebalg	Luftröhre	Skalpell	0.5363368299706871	0.059465393373070344	
Matrose	Flugblatt	Fleck	Mappe	0.5363150767116979	0.12498084698183691	
Satellit	Lehrbuch	Tagebuch	Lineal	0.5362059847176096	0.2582609334175585	
Schrei	Bagger	Mauer	Knie	0.5361194140478401	0.17315332554317928	
Talsperre	Arbeiter	Bakterium	Schmutz	0.5360609176795631	0.1268261291579846	
Alphabet	Brief	Etikett	Gelatine	0.5358920694565866	0.08376354985621266	
Kleinbus	Trampolin	Unterkleid	Fußgelenk	0.5354347250091002	0.23137289717107123	
Sprecherin	Torhüter	Tagebuch	Standbein	0.5352760218281186	0.20127666898124036	
Memorandum	Schlagzeug	Schwefel	Saatgut	0.5351388642661536	0.10420211938652428	
Memorandum	Flugblatt	Mikrogramm	Kartoffel	0.5346849550966107	0.06152680546688992	
Anwohnerin	Federball	Unterkleid	Tätowieren	0.5346539238347373	0.15089870704623437	
Pavian	Rehkitz	Krabbe	Wams	0.5345074814117952	0.1938250707549877	
Woge	Hüpfer	Mähne	Ferse	0.5343114842442569	0.08016389581581786	
Brachvogel	Pausenbrot	Heidekraut	Zahnpaste	0.5342785878607228	0.0839329500494091	
Nashorn	Feuerwaffe	Skorpion	Skalpell	0.5342757386965548	0.1634119468119404	
Schwall	Klopfer	Bluter	Steißbein	0.5340582017212948	0.18384537790179645	
Nachtklub	Backgammon	Biosensor	Teelicht	0.5338616871077843	0.1437971829739178	
Schwein	Kanne	Lätzchen	Besteck	0.533736424115975	0.19573785505051197	
Auspuff	Armatur	Kapuze	Krempe	0.5337305200011878	0.16865803526875495	
Detektor	Wandtafel	Rosette	Bordüre	0.5335342774849723	0.07959623678384427	
Sprachrohr	Handzettel	Frontseite	Tabernakel	0.5334143269059121	0.033297376035603655	
Fußgänger	Händedruck	Säulengang	Faltenwurf	0.5333571064076783	0.20248123136954502	
Leiter	Metall	Narbe	Bündel	0.5332325674238098	0.13278215257940348	
Arena	Sauna	Blüte	Reifen	0.5330953571604062	0.17675298136744644	
Interpol	Monteur	Auswuchs	Schmutz	0.5330543025645077	0.2071403134364177	
Wasserfall	Mechaniker	Promenade	Liegewiese	0.5328018544766356	0.14163829470962191	
Tenor	Flöte	Fries	Eisen	0.5327054059302495	0.16200171875012034	
Radiator	Seilzug	Rollbahn	Drehbank	0.5325813073901055	0.14570627125462235	
Alphabet	Lehrbuch	Tagebuch	Tabernakel	0.5323496000373175	0.19665750408838065	
Airport	Imker	Lagune	Lasur	0.5321341359665245	0.20219105913456767	
Maulwurf	Feuerzeug	Medaillon	Stecknadel	0.5320567374847531	0.18660343788472533	
Jaguar	Spießer	Krabbe	Zopf	0.5319186693561812	0.20084022196580958	
Kinderarzt	Arbeiterin	Tagebuch	Speichel	0.5313809577756058	0.16655716828213712	
Haselmaus	Holzwurm	Plattfisch	Verzehren	0.5309939395519467	0.2065497388460658	
Eunuch	Holzwurm	Ovarium	Spinnwebe	0.5309263458409226	0.036183171339688826	
Kleinbus	Überschlag	Mutterleib	Ellenbogen	0.5309106179672994	0.15405902752414227	
Brecher	Korpus	Saum	Kordel	0.5306276090239342	0.16267754084856048	
Otter	Imker	Amber	Lineal	0.5305319798864235	0.07077695155868227	
Tenor	Flöte	Unze	Hanf	0.5301058204183823	0.157331444691902	
Bariton	Harfe	Unze	Nabe	0.5300441263759602	0.0882244662651461	
Hirte	Tip	Mond	Anker	0.5299224738965599	0.13508975546150215	
Stier	Besen	Veranda	Kissen	0.529827468288173	0.19217794521878886	
Silo	Sauna	Eiweiß	Belag	0.5295876610499701	0.1314426496037562	
Flugplatz	Schlagzeug	Stadtstaat	Muskel	0.5295423797468485	0.23246732857463515	
Vergaser	Handwagen	Kopfende	Gebinde	0.529437266248563	0.179078380708465	
Maulwurf	Knüppel	Kapuze	Strick	0.5287974154008385	0.20277703902297586	
Kleinbus	Seilzug	Kopfende	Schlaufe	0.5286807969401909	0.19123455454459864	
Maulwurf	Sandkasten	Unterkleid	Buchrücken	0.5285634274197725	0.2649444187522447	
Sprachrohr	Klaviatur	Gebälk	Werkbank	0.5283114077933114	0.09077801538387525	
Beter	Trense	Zeder	Fixieren	0.5281359119754984	0.12272289298888246	
Auspuff	Steg	Kapuze	Pappe	0.5280780216277893	0.11987978412981944	
Brecher	Schleuder	Geschwür	Einstich	0.5279932799506627	0.17573591161933869	
Riese	Maus	Schwarze	Sichel	0.5279320464805101	0.15439567669987384	
Bankier	Schmied	Tibeter	Papier	0.5277311858901357	0.08713090873753371	
Banker	Schalter	Kittel	Mappe	0.5276961639451057	0.10434324298905798	
Patin	Ortheil	Biosensor	Planzen	0.5272701426960077	0.05419813280211951	
Schwein	Mundstück	Nessel	Bottich	0.5270888411613953	0.17935315250084238	
Henne	Maus	Mond	Gurke	0.5269308460647569	0.17846493981868666	
Giraffe	Sandkasten	Fleckchen	Tischdecke	0.5267929296267674	0.2562845218017604	
Cockpit	Lehrbuch	Buddha	Mappe	0.5263135771755394	0.16151038789534136	
Muff	Bohrer	Kapuze	Schnur	0.5256462932654665	0.22127812650139475	
Kamerad	Schütze	Himmel	Körper	0.52536474141638	0.2532048495593097	
Superhirn	Lauffeuer	Hühnerauge	Verzehren	0.5252912697835026	0.20683747261695276	
Inspirator	Akkordeon	Hemmstoff	Polyamid	0.5250277931340407	0.17812572457741913	
Trauergast	Drehleier	Bakterie	Treibholz	0.5249862812115642	0.15946710164075928	
Muff	Korpus	Borke	Spatel	0.5247095406461616	0.1788750139874596	
Bassist	Bohrung	Kartell	Kautschuk	0.5241182264225513	0.024575939985049183	
Panoptikum	Polizistin	Matterhorn	Dekolleté	0.5238818487694288	0.24626977653485627	
Airport	Schlagzeug	Phosphor	Saatgut	0.5237068618436146	0.14297477742663048	
Mönch	Steg	Narbe	Gewebe	0.5236348242695229	0.07871845355277943	
Radiator	Federball	Unterkleid	Hosenbund	0.5236189600721239	0.20223720804189052	
Radiator	Kraftrad	Baumkrone	Füllhorn	0.5235230778869926	0.10659413063091133	
Blaupunkt	Holzwurm	Wildblume	Spinnwebe	0.5233616475123261	0.1630547512390458	
Saurier	Spießer	Kobra	Degen	0.5232727384095345	0.17968011050811927	
Vogel	Korb	Nessel	Beutel	0.5232086834037597	0.15776785877631347	
Beter	Schreiner	Herberge	Eisen	0.5227713002909028	0.11883095741538854	
Rebhuhn	Konditor	Rebstock	Saatgut	0.5221412192896059	0.05425322775540682	
Kleinbus	Federball	Zwerchfell	Schlitten	0.5214701433602206	0.18877646300309278	
Radiator	Sandkiste	Unterkleid	Handtasche	0.521302473615534	0.17450261170802053	
Spruch	Tastatur	Brille	Bleistift	0.5206681862879133	0.09226010737745821	
Riese	Stück	Schwarze	Mappe	0.5206510812053523	0.1498002802230541	
Park	Kran	Meile	Matte	0.5206473892927986	0.13554062042821088	
Eunuch	Näherin	Wandbild	Planzen	0.519984968485399	0.05687563266701224	
Schächter	Uhrmacher	Zwinger	Schienbein	0.5199686730622225	0.18471862973729924	
Cockpit	Tachometer	Vordach	Bordüre	0.5198317249008869	0.12613139341677262	
Muff	Bohrer	Nacken	Schnur	0.5196981532596158	0.2057127534289918	
Vergaser	Humpen	Oblate	Kuvert	0.5196133451616655	0.14750440946860338	
Funke	Geige	Dach	Nagel	0.5192375590399604	0.07075674311218678	
Robbe	Cartoon	Krabbe	Gurke	0.5191337147995688	0.2224892613460202	
Kakadu	Imker	Anemone	Steckling	0.5190737414225962	0.1407421620865113	
Auditorium	Zahnbürste	Reflektor	Möbelstück	0.5189949254171221	0.24071685994418426	
Stockente	Langfinger	Plattfisch	Zehennagel	0.5185167641500369	0.21490092817654682	
Flugkörper	Hardware	Labyrinth	Diskette	0.5172526671900227	0.1415920982732064	
Woge	Pflüger	Promenade	Muskel	0.5171806470477808	0.0986824974974555	
Lümmel	Sauger	Panier	Gurt	0.5170688380154808	0.07013267229902119	
Antilope	Rehkitz	Leopard	Zügel	0.5168612066778632	0.22962780434681712	
Showmaster	Heimwerker	Herberge	Befestigen	0.5166020021283968	0.09259017429250738	
Kätzchen	Streicheln	Brennessel	Verzehren	0.516481879364765	0.07852545720164009	
Molch	Quaken	Kobra	Gurke	0.5164670804898415	0.17520759653035423	
Schützer	Monteur	Schatzhaus	Steißbein	0.5163443585623312	0.19647115749426275	
Blaupunkt	Kegler	Südland	Pastell	0.5162758619610334	0.19265386631038767	
Brachvogel	Langfinger	Kaulquappe	Blattwerk	0.5161665407448365	0.2101471210792272	
Giraffe	Herdplatte	Fleckchen	Kopfkissen	0.5160338929774878	0.2076349040563625	
Kleinbus	Handwagen	Kopfende	Kunstleder	0.5157883921776324	0.29976050297374335	
Kleinbus	Federball	Landseite	Polsterung	0.5156422272278854	0.22324113380242352	
Auspuff	Xylophon	Kapsel	Pipette	0.5152978027576492	0.09682541331092148	
Pauker	Setzer	Kopeke	Kordel	0.5147759437142164	0.16127555291400217	
Nagetier	Langfinger	Plattfisch	Zehennagel	0.5147181265646613	0.12004842828248329	
Kompressor	Händedruck	Seebrücke	Faltenwurf	0.5145943735294715	0.17467814919455865	
Marder	Stöckchen	Kopfende	Schenkel	0.5138878266839201	0.20098936969367465	
AT&T	Balg	Nabel	Folie	0.5136122238207499	0.026314878791878396	
Schwall	Tamtam	Aorta	Sehne	0.5132943235107341	0.1350402975346459	
Stier	Schläger	Nacken	Schulter	0.5132192350703173	0.20677182964067012	
Fußgänger	Spielzug	Seebrücke	Laufsteg	0.5128142621094554	0.16184576073301168	
Psalmist	Akkordeon	Ammonit	Steingut	0.5128018965577835	0.219269959037675	
Kompressor	Aufschlag	Harnröhre	Prothese	0.5124164080005845	0.12661599266046392	
Banker	Setzer	Kittel	Eisen	0.5123551223763555	0.15882544984465885	
Fischadler	Erfinderin	Plattfisch	Radieschen	0.5122569592206362	0.20397019411761338	
Radiator	Armatur	Reflektor	Schnalle	0.51178733638976	0.14981860847082432	
Rebhuhn	Cartoon	Nelke	Kartoffel	0.5116569474245839	0.15429494190722198	
Radiator	Krempel	Kapuze	Kimono	0.511581744908134	0.14461201431783682	
Radiator	Handwagen	Kopfende	Segeltuch	0.5115748851784073	0.34477738916990003	
Sprecher	Lehrbuch	Tagebuch	Eisen	0.511261427811944	0.2226467185188749	
Brachvogel	Wandtafel	Laubblatt	Blattwerk	0.5110734368507758	0.16822168135287005	
Düsenjet	Sensenmann	Totenkopf	Querlatte	0.5110613898698232	0.16713991111907023	
Vogel	Steg	Mauer	Tuch	0.5108620366929273	0.15463954740155894	
Ferrari	Gegner	Kartell	Eisen	0.5103887677406672	0.2076352581299109	
Wache	Hänger	Dach	Ferse	0.510204304621433	0.05489937279358736	
Talsperre	Formteil	Faserstoff	Kunstharz	0.5100991191659402	0.20369046611958636	
Manager	Werkzeug	Zentrum	Bleistift	0.5099861810261476	0.11237780726493499	
Kompressor	Nachschlag	Zwerchfell	Befestigen	0.5099852611867798	0.09043437451341357	
Detektor	Monteur	Prisma	Lasur	0.5098766670559884	0.1599049675533678	
Woge	Hüpfen	Zwerchfell	Hüfte	0.5097829776145439	0.1719742221991154	
Lümmel	Knarre	Bluter	Gurt	0.5096948149344293	0.1195806490988809	
Vergaser	Brecheisen	Kopfende	Scharnier	0.5096325833406777	0.2570281791635207	
Pierrot	Setzer	Bluter	Querlatte	0.5091819544139082	0.19066276220814943	
Kleinbus	Hebebühne	Rollbahn	Grasnarbe	0.5091670550515505	0.20763876315382568	
Auspuff	Ladegerät	Reflektor	Regalbrett	0.5082320904389567	0.17394736217521653	
Showmaster	Klempner	Reflektor	Kästchen	0.5079050431861585	0.029126636495934336	
Mandarin	Saxophon	Baldrian	Zubereiten	0.50788222959908	0.17903854385965162	
Astrologe	Wandtafel	Zypresse	Bordüre	0.5074963318619877	0.12869499241248966	
Interpret	Ladegerät	Appartment	Armlehne	0.5073798141690437	0.1369336113934205	
Radiator	Trampolin	Zwerchfell	Fußgelenk	0.5070821086296262	0.22908310958351277	
Ohrenzeuge	Flugblatt	Augenlid	Kopfhaut	0.506535258368904	0.09037996527400466	
Anwohnerin	Ringkampf	Zwerchfell	Dekolleté	0.5063094907093282	0.04562653229216997	
Schwall	Abschlag	Zwerchfell	Schlitten	0.5061410441704113	0.09471309056133487	
Giraffe	Sandkasten	Unterkleid	Wolldecke	0.5061009462840061	0.17635386268549788	
Airport	Backofen	Farbstoff	Saatgut	0.5053450020974758	0.13861668296470725	
Lümmel	Grimasse	Fettback	Umhüllung	0.5052262761656446	0.06982565551579516	
Schwein	Sandkasten	Unterkleid	Halterung	0.5050807390102208	0.21777666290037517	
Fledermaus	Erfinderin	Edelstein	Elfenbein	0.5048398633296841	0.15834758499768087	
Auspuff	Trommel	Kapsel	Schnur	0.50482914935308	0.12885856664428652	
Marder	Stoßzahn	Unterkleid	Höhlung	0.5042969340679012	0.22416407119989756	
Radiator	Armatur	Vordach	Armlehne	0.5041575527416063	0.2128024252263152	
Halle	Stoß	Brust	Gürtel	0.5039005138619513	0.1747108397701817	
Patin	Rufer	Raute	Anker	0.503873550325486	0.15250142969677988	
Detektor	Monteur	Prisma	Lineal	0.5035460505834611	0.19104434431895417	
Schwein	Stöckchen	Lätzchen	Spülkasten	0.502985582187424	0.15102015682958217	
Berserker	Vibrieren	Landseite	Befestigen	0.502232930023605	0.2042730584458293	
Veteran	Monteur	Tibeter	Degen	0.502000992392038	0.219273929283286	
Giraffe	Spielzeug	Brille	Geldbörse	0.5019169057552637	0.19966706550256086	
Schwein	Sandkasten	Fleckchen	Tischtuch	0.5015585545779019	0.2319246139383659	
Radiator	Trampolin	Unterkleid	Tragetuch	0.5014053727521862	0.24864751648970823	
Interpret	Uhrmacher	Tagebuch	Sortiment	0.5008769233248153	0.2246802012665261	
Schwall	Klopfen	Zwerchfell	Ferse	0.49995218628556987	0.13511083396738427	
Kommissar	Schlagzeug	Tagebuch	Schmutz	0.49992380091795735	0.2970870014454857	
Auspuff	Kuhglocke	Unterkleid	Spülkasten	0.4996637116152254	0.111783567685075	
Pauker	Klopfer	Bluter	Degen	0.4994685535370267	0.29266629071741446	
Troubadour	Saxophon	Ambrosia	Zahnpaste	0.4978959243402999	0.20009512046834382	
Kleinbus	Kinderbett	Veranda	Bettwäsche	0.4974922691563359	0.2252354621507638	
Kolonne	Holzwurm	Unkraut	Schmutz	0.49742456946692587	0.06438116131107642	
Fußgänger	Trampolin	Zwerchfell	Handgelenk	0.49724757939364633	0.21544798621209615	
Krähe	Amboß	Leopard	Gurke	0.4971577033829914	0.20025713796923758	
Auspuff	Handwagen	Unterkleid	Sandpapier	0.49711028250012007	0.28668823014705536	
Dachs	Scheller	Leopard	Sichel	0.4968522198283376	0.16102940297392956	
Auspuff	Klemme	Kapsel	Silikon	0.4968234046741982	0.1752585412308651	
Maulwurf	Sandkasten	Unterkleid	Handfläche	0.4964628636318922	0.3031979927193878	
Blaupunkt	Kaufladen	Sonnendach	Pastell	0.49623201231596187	0.13605148727081368	
Otter	Scheller	Ginster	Sichel	0.49602333863290476	0.12590435513814396	
Anbeter	Quaken	Bluter	Verzehren	0.49568300015368355	0.17526280742867198	
Karatschi	Brandbombe	Spermium	Steißbein	0.4953336869289812	0.057927441636401095	
Weißwurst	Zahnbürste	Champagner	Möbelstück	0.49480719644953	0.19589802570634632	
Spruch	Brief	Krone	Obst	0.4946318297419981	0.1547088481444587	
Nachtclub	Polizistin	Totenkopf	Liegewiese	0.4940589846185673	0.19999585681023263	
Stier	Mäher	Satin	Pinne	0.4933174020546893	0.10492202887130825	
Anrufer	Gitarre	Tagebuch	Eisen	0.49326338605693937	0.13977849023528435	
Moderator	Hersteller	Tagebuch	Zubereiten	0.4932305595619548	0.17885378330975552	
Showmaster	Ständchen	Biosensor	Liegewiese	0.49277265765119305	0.1585241577455277	
Kaffer	Lebkuchen	Dotter	Teigware	0.49244562233776024	0.07218582744693872	
Rezitator	Akkordeon	Ammonit	Polyamid	0.4924243243164228	0.23457092751868602	
Reiher	Rehkitz	Kentaur	Hufeisen	0.4923885737625167	0.1297678615932524	
Dienerin	Tischler	Frontseite	Stickerei	0.4915769576480424	0.2241574670657419	
Bariton	Posaune	Oxid	Steingut	0.4911984672813583	0.25842157398014287	
Zauberer	Streich	Dreieck	Radieschen	0.49096939858843625	0.1581600161339225	
Weißwurst	Kanne	Glas	Tablett	0.49029021326983885	0.2398348580380102	
Fußgänger	Sandkasten	Veranda	Hauswand	0.4900650293525904	0.21093544213924295	
Blaupunkt	Plotter	Dahlie	Pastell	0.4899736040382094	0.1086645923933594	
Schimpanse	Miststück	Leopard	Radieschen	0.48919338857723016	0.19971876066906488	
Turmfalke	Holzwurm	Kaulquappe	Treibholz	0.4888780579697718	0.2241461717421754	
Zaunkönig	Holzwurm	Kaulquappe	Zehennagel	0.4888518412014841	0.23069035307006908	
Radiator	Seilzug	Frontseite	Drehbank	0.4883808621817202	0.18085965230981474	
Kleinbus	Handschlag	Kopfende	Manschette	0.4881605026084747	0.2617067462039151	
Wachturm	Mechaniker	Stadthaus	Tabernakel	0.4880875826495413	0.1783458485375177	
Pamphlet	Metall	Kapuze	Diskette	0.4874669083022414	0.20199541528051806	
Kompressor	Formteil	Emulsion	Umhüllung	0.48739176429753767	0.10405978606012399	
Pirol	Quaken	Kobra	Gurke	0.4873629495371235	0.212293623269383	
Sprichwort	Glöckchen	Wacholder	Kartoffel	0.48734102437950283	0.1192515985032737	
Brecher	Handwagen	Kopfende	Lederhaut	0.48731345424193817	0.26812920944238133	
Gemurmel	Dudelsack	Heilbutt	Gurke	0.48680903867193287	0.18451490358354417	
Vergaser	Formteil	Klümpchen	Ebenholz	0.4865878148681566	0.17908097843914655	
Pavian	Rehkitz	Kentaur	Blattwerk	0.48649386200544753	0.11035187921495923	
Schwein	Stöckchen	Kopfende	Bindfaden	0.4859425313518355	0.2917618954904243	
Radiator	Taktstock	Reflektor	Drehbank	0.485884351716748	0.18170444000181307	
Häuptling	Schlagzeug	Hämoglobin	Knorpel	0.4857953487788808	0.23067162628118643	
Giraffe	Greifer	Satin	Sticker	0.48557085012414536	0.21999731324397645	
Anwohnerin	Pokern	Landseite	Planzen	0.4853642241372262	0.16164385626484437	
Vogel	Puppe	Brille	Karton	0.4852992867589651	0.19529304741427467	
Auspuff	Fibel	Emblem	Brokat	0.48519861750487525	0.22992672975064948	
Lockvogel	Spießer	Kaulquappe	Sweatshirt	0.48517036884631537	0.22132048373953195	
Vergaser	Schalmei	Rinnstein	Ebenholz	0.48478499440894146	0.11022397104064134	
Geysir	Pokern	Alge	Planzen	0.4843202845140386	0.14733287465226957	
Fußgänger	Stoß	Kapuze	Korsett	0.48399119155598774	0.17312146916160862	
Flugkörper	Dampfwalze	Frontseite	Aussparung	0.4838789094292723	0.2173613389472442	
Späher	Rehkitz	Sphinx	Mappe	0.4832145041627854	0.13926835586523492	
Auspuff	Sandsack	Kapuze	Matratze	0.48210520804396956	0.251183091309245	
AT&T	Ahle	Kordon	Bordüre	0.4819539227500673	0.07662723378671463	
Chef	Inventar	Linse	Mappe	0.481270067355892	0.14728994360666253	
Reporter	Torhüter	Himmel	Körper	0.4812134265915695	0.22288859729769667	
Blaupunkt	Holzwurm	Kornblume	Steckling	0.48104313059144643	0.1571529683830048	
Radiator	Stoßzahn	Unterkleid	Jeanshose	0.4809047147865906	0.2361372497077627	
Düsenjet	Jongleur	Schneefeld	Dekolleté	0.48078164381578353	0.08906367214236198	
Feuervogel	Sensenmann	Hühnerauge	Schatulle	0.47911131934877305	0.1847262136667634	
Mäuschen	Klatsche	Lätzchen	Teelicht	0.47873901371985256	0.07968016237894088	
Woge	Skater	Schneefeld	Achsel	0.478554821171372	0.1719747807101646	
Kleinbus	Sandsack	Nacken	Unterarm	0.47812188855359655	0.2085081084981388	
Fußgänger	Sandkasten	Unterkleid	Vorhängen	0.477818644762132	0.31736820049841413	
Radiator	Trampolin	Seebrücke	Dekolleté	0.4777946999531635	0.18630689210435422	
Sprechchor	Dudelsack	Luftröhre	Steigbügel	0.4773922944933621	0.1668763328526868	
Autofahrer	Umarmung	Parfum	Accessoire	0.4773385327778126	0.08773124499496072	
Sinto	Ahle	Zyanid	Knorpel	0.47708344080159804	0.24778153609635878	
Beter	Stöckchen	Veranda	Polster	0.4769840644843802	0.1915749082465752	
Auspuff	Handwagen	Kopfende	Leintuch	0.47675496679536855	0.3024145161691965	
Fluggast	Monteur	Mausoleum	Polyamid	0.4766603049403358	0.2268626142562978	
Vergaser	Formteil	Emulsion	Erntegut	0.476573307745197	0.21288300699726284	
Schwall	Kribbeln	Zwerchfell	Hüfte	0.4763990885542861	0.043739170265950644	
Muff	Steg	Narbe	Stiel	0.4755079017094404	0.1672708995102583	
Brecher	Handwagen	Kopfende	Überzug	0.4749671886265019	0.29547759591863926	
Giraffe	Trampolin	Kapuze	Schürze	0.47494061422627726	0.20807347730188555	
Leseratte	Scheller	Pünktchen	Radieschen	0.47487569082284353	0.2213191343222183	
Dienerin	Trense	Äderchen	Postern	0.474316329750224	0.10165299050670105	
Sprechchor	Akkordeon	Hemmstoff	Prothese	0.4742150890687593	0.21316215591979135	
Kleinbus	Handwagen	Kopfende	Werkbank	0.473842324464121	0.2035872089373535	
Pierrot	Kegler	Sextant	Planzen	0.4732749912456793	0.13027367135239468	
Brocken	Gegner	Dreieck	Kugel	0.4730294754737792	0.11245381244669123	
Biber	Maus	Leopard	Sichel	0.4728382448153348	0.11122652214826637	
Augenzeuge	Polizistin	Hautarzt	Schmutz	0.47260625871949435	0.2645556628374262	
Auspuff	Klöppel	Kopeke	Tüll	0.4725902015036541	0.06257838917892564	
Giraffe	Stoßzahn	Unterkleid	Sandale	0.47179214334141256	0.18617677392073942	
Nashorn	Cartoon	Koralle	Filet	0.47127729094640336	0.12290623065467964	
Telefax	Posaune	Etikett	Saatgut	0.47113793045329705	0.2970231723710229	
Düsenjet	Handspiel	Baumkrone	Accessoire	0.468678833138428	0.1810620597320347	
Park	Armatur	Trikot	Tunika	0.4683512049300303	0.23490092106002128	
Vogel	Spielzeug	Brille	Bleistift	0.46808529288518663	0.24738152935792296	
Inspirator	Alphorn	Hemmstoff	Sehne	0.4679842389548887	0.08694035969776029	
Sperling	Scheller	Hühnerauge	Zehennagel	0.4677822872091551	0.19951296329822074	
Pavian	Korpus	Schuppe	Haarnadel	0.46527377481692933	0.10723235644386436	
Auerochse	Beckmesser	Plattfisch	Einkerbung	0.46502227817259895	0.21031519093053433	
Leiter	Bauteil	Pfeiler	Umschlag	0.46291433070548865	0.11235946752378494	
Stier	Halfter	Veranda	Ballen	0.46282649974874546	0.25452361128397816	
Telefax	Saxophon	Süßstoff	Zahnpaste	0.4616833101966172	0.2300817968552012	
Telefax	Posaune	Kartell	Knorpel	0.46162497840561617	0.2382752189038305	
Kleinbus	Handwagen	Frontseite	Schnalle	0.46031825090175876	0.3029526848741267	
Saloon	Bohle	Trikot	Kokon	0.4599234590375341	0.14720249901882412	
Patin	Humpen	Rippchen	Ranzen	0.4598347446037874	0.1749913174151585	
Begleiter	Zahnbürste	Veranda	Geschirr	0.45907923146635543	0.23343781410642195	
AT&T	Korpus	Pappel	Bordüre	0.4582770197909117	0.1204801068469595	
Kalb	Steg	Robe	Seide	0.45812839836489544	0.15484918061732053	
Auspuff	Mundstück	Sarkophag	Klebstoff	0.4575646289152246	0.1652498091717805	
Muff	Korb	Kapsel	Wickel	0.45731118499546985	0.1833574474486262	
Dickkopf	Beckmesser	Bazillus	Treibholz	0.4566474714030145	0.2342660488360486	
Giraffe	Trampolin	Unterkleid	Bettdecke	0.45651265613283765	0.20321521372251514	
Cockpit	Fibel	Vordach	Einband	0.4559975114079721	0.2206453778076381	
Späher	Kegler	Sphinx	Zügel	0.4559918086851214	0.24338771480245136	
Kleiber	Setzer	Ginster	Furnier	0.4553077540409825	0.25731377511351455	
Leiter	Eierbecher	Äderchen	Stäbchen	0.4547015083606951	0.15359906738880763	
Sergeant	Monteur	Grünspan	Schmutz	0.4546804184546967	0.24909230783812786	
Patin	Fibel	Emblem	Armreif	0.45337179024105545	0.15452801450396839	
Tölpel	Monteur	Atoll	Zügel	0.4511828732306844	0.18635752408659562	
Vergaser	Seilzug	Kopfende	Stutzen	0.4508680633447458	0.26618291466378596	
Sprechchor	Tamburin	Luftröhre	Drehbank	0.4505986683831047	0.057520163411702775	
Sprechchor	Blockflöte	Reflektor	Zahnpaste	0.4438927318669618	0.1445379432994193	
Wiesel	Scheller	Ginster	Sichel	0.44304861404447454	0.17658889243571688	
Kuckuck	Holzwurm	Leopard	Skalpell	0.4423615343043718	0.2622585615364517	
Sprechchor	Drehleier	Hautarzt	Steißbein	0.44203910565196763	0.2585660140270674	
Pförtner	Monteur	Ammonit	Lineal	0.44197797102720077	0.2542075743267559	
Hofnarr	Amboß	Kobra	Füllhorn	0.4413283238091985	0.25757995827453667	
Elefant	Einbrecher	Schimmel	Tapete	0.44006717979323273	0.10466758768271438	
Radiator	Trampolin	Kapuze	Bettzeug	0.43995603483181095	0.23474420363076212	
Muff	Schlagloch	Kapuze	Klumpen	0.4397881067379439	0.17120732629419938	
Brecher	Rädchen	Unterkleid	Flicken	0.4389871686078977	0.29770780726578266	
Lüftchen	Anzünden	Heroin	Einstich	0.43852792770448223	0.10321910250092854	
Woge	Klinke	Träne	Gurt	0.4370713006223142	0.12286869219351806	
Kompressor	Handschlag	Unterkleid	Handfläche	0.43656321225709904	0.27019280050430766	
Gaukler	Spießer	Kobra	Zügel	0.43655201628269386	0.26602101275576173	
Auspuff	Handwagen	Kopfende	Spanplatte	0.4362611307998943	0.19250729475422385	
Giraffe	Sandkasten	Unterkleid	Bettlaken	0.43529009289303017	0.23265937524827396	
Singvogel	Holzfäller	Kaulquappe	Zehennagel	0.43384848830724193	0.22858642550783875	
Säugetier	Langfinger	Kaulquappe	Verzehren	0.43365835120728935	0.18238610210930942	
Vergaser	Zither	Unze	Kuvert	0.43053762585375766	0.10348098531069033	
Schwall	Klatschen	Zwerchfell	Befestigen	0.43036953763576086	0.09975372960781435	
Nachtclub	Motorsäge	Felsspalte	Spitzhacke	0.4300056341608945	0.23007293407022708	
Sirene	Spießer	Bluter	Wunde	0.42634657598610187	0.23583890121900253	
Autofahrer	Aufhänger	Zwerchfell	Handtasche	0.4250134040810091	0.17139817865423923	
Kavalier	Schütze	Kentaur	Füllhorn	0.424996778495718	0.140149647687363	
Eisvogel	Cartoon	Leopard	Füllhorn	0.4246731649759196	0.23621470229741667	
Schwein	Herdplatte	Streifen	Unterlage	0.42338070224874275	0.11107549214360149	
Diplomat	Backofen	Farbstoff	Baumwolle	0.4180757388519703	0.17181658146352463	
Muff	Zupfen	Zwerchfell	Sticken	0.417120267723423	0.20146486498266955	
Diplomat	Armatur	Säulengang	Textilie	0.41605354809016454	0.19639823818953112	
Giraffe	Handschlag	Fleckchen	Pinzette	0.4114705069441351	0.21540769565791207	
Kompressor	Handwagen	Unterkleid	Schnittgut	0.4100121523521684	0.2650368010777176	
Beter	Trense	Vene	Kleben	0.40637904189199964	0.21884440991511636	
Anrufer	Saxophon	Tagebuch	Eisen	0.40617249862908067	0.30023040260039957	
Auspuff	Schlagloch	Kapuze	Styropor	0.39954457637389007	0.13250271343521702	
Muff	Halfter	Kapuze	Schaft	0.3988903206651186	0.22390484566509425	
Hotelier	Backofen	Eiweiß	Trocknen	0.37824215618586915	0.2618963940079495	
Videotext	Mechaniker	Refraktor	Sweatshirt	0.37273390979665216	0.2617361462962642	
Radiator	Zupfen	Kopfende	Sticken	0.3679291982550363	0.2678954877584482	
Komiker	Torhüter	Barfüßer	Verzehren	0.34622894981666796	0.24712014560245732	
